pclass,sex,age,sibsp,parch,fare,embarked_Q,embarked_S
0.82489075429998,1.3470397652008117,-0.5294920972476074,-0.47957078304258416,-0.44759714185456223,-0.8274027386366944,3.0273831180888426,-1.5175108291934007
-0.3779791896444196,1.3470397652008117,-0.3772932465208334,0.5107854493944685,-0.44759714185456223,0.4192970363868142,-0.3303182851304563,-1.5175108291934007
0.82489075429998,1.3470397652008117,-1.3665857762448639,3.4818541467056257,1.8723741825104212,0.5416746731592467,-0.3303182851304563,0.6589738806223399
0.82489075429998,-0.7423685817106694,-0.3011938211574465,-0.47957078304258416,-0.44759714185456223,-0.8923044173605303,-0.3303182851304563,-1.5175108291934007
0.82489075429998,1.3470397652008117,-0.9860886494279292,-0.47957078304258416,-0.44759714185456223,-0.8394592986878874,-0.3303182851304563,0.6589738806223399
0.82489075429998,-0.7423685817106694,-0.3011938211574465,-0.47957078304258416,-0.44759714185456223,-0.8394592986878874,-0.3303182851304563,0.6589738806223399
-1.5808491335888193,-0.7423685817106694,-0.3011938211574465,-0.47957078304258416,-0.44759714185456223,0.35449046307310594,-0.3303182851304563,-1.5175108291934007
0.82489075429998,-0.7423685817106694,-0.6816909479743812,-0.47957078304258416,-0.44759714185456223,-0.8149855185915706,-0.3303182851304563,0.6589738806223399
-1.5808491335888193,-0.7423685817106694,0.992496410020132,-0.47957078304258416,-0.44759714185456223,0.489197451149056,-0.3303182851304563,-1.5175108291934007
0.82489075429998,-0.7423685817106694,-0.3011938211574465,-0.47957078304258416,-0.44759714185456223,-0.8516560544389479,-0.3303182851304563,0.6589738806223399
0.82489075429998,1.3470397652008117,-0.5294920972476074,1.5011416818315209,-0.44759714185456223,0.2418163786147907,3.0273831180888426,-1.5175108291934007
0.82489075429998,-0.7423685817106694,0.0032038802961014126,-0.47957078304258416,-0.44759714185456223,-0.8066315811583502,-0.3303182851304563,0.6589738806223399
-1.5808491335888193,-0.7423685817106694,2.4383854919244845,-0.47957078304258416,-0.44759714185456223,0.6116016585286799,-0.3303182851304563,0.6589738806223399
-0.3779791896444196,1.3470397652008117,-0.8338897987011552,0.5107854493944685,0.7123885203279295,-0.33441161920377827,-0.3303182851304563,0.6589738806223399
0.82489075429998,-0.7423685817106694,-0.9099892240645422,0.5107854493944685,-0.44759714185456223,-0.9143153591077776,-0.3303182851304563,0.6589738806223399
0.82489075429998,-0.7423685817106694,-0.3011938211574465,-0.47957078304258416,-0.44759714185456223,-0.8812047457831108,-0.3303182851304563,0.6589738806223399
0.82489075429998,-0.7423685817106694,0.5358998578398102,0.5107854493944685,0.7123885203279295,0.2800399707104489,-0.3303182851304563,0.6589738806223399
0.82489075429998,-0.7423685817106694,0.23150215638626231,-0.47957078304258416,-0.44759714185456223,-0.8066315811583502,-0.3303182851304563,0.6589738806223399
-1.5808491335888193,1.3470397652008117,-0.07289554506728556,2.491497914268573,1.8723741825104212,2.746121110745426,-0.3303182851304563,0.6589738806223399
0.82489075429998,-0.7423685817106694,-0.5294920972476074,-0.47957078304258416,-0.44759714185456223,-0.8891210790266412,-0.3303182851304563,0.6589738806223399
0.82489075429998,-0.7423685817106694,-0.3011938211574465,-0.47957078304258416,-0.44759714185456223,-0.7920429012602808,-0.3303182851304563,0.6589738806223399
0.82489075429998,-0.7423685817106694,-1.8992817537885727,3.4818541467056257,1.8723741825104212,0.5416746731592467,-0.3303182851304563,0.6589738806223399
-1.5808491335888193,1.3470397652008117,-0.8338897987011552,-0.47957078304258416,1.8723741825104212,1.5022928294826141,-0.3303182851304563,0.6589738806223399
0.82489075429998,1.3470397652008117,1.220794686110293,0.5107854493944685,-0.44759714185456223,-0.2544984470730858,-0.3303182851304563,0.6589738806223399
0.82489075429998,-0.7423685817106694,0.23150215638626231,-0.47957078304258416,-0.44759714185456223,-0.8066315811583502,-0.3303182851304563,0.6589738806223399
0.82489075429998,-0.7423685817106694,0.4598004324764232,-0.47957078304258416,-0.44759714185456223,-0.7920429012602808,-0.3303182851304563,0.6589738806223399
0.82489075429998,1.3470397652008117,-0.7958400860194618,-0.47957078304258416,-0.44759714185456223,-0.8848958217834184,3.0273831180888426,-1.5175108291934007
0.82489075429998,-0.7423685817106694,-2.051480604515347,2.491497914268573,0.7123885203279295,0.1432494698651654,-0.3303182851304563,0.6589738806223399
-1.5808491335888193,1.3470397652008117,2.0578883651075497,-0.47957078304258416,0.7123885203279295,1.5469561632053046,-0.3303182851304563,-1.5175108291934007
0.82489075429998,1.3470397652008117,-0.9860886494279292,4.472210379142679,1.8723741825104212,0.9558076872646055,-0.3303182851304563,0.6589738806223399
0.82489075429998,-0.7423685817106694,0.4217507197947297,-0.47957078304258416,-0.44759714185456223,-0.9978703350480775,-0.3303182851304563,-1.5175108291934007
-0.3779791896444196,1.3470397652008117,-0.07289554506728556,-0.47957078304258416,-0.44759714185456223,0.13967972447096214,-0.3303182851304563,0.6589738806223399
-1.5808491335888193,-0.7423685817106694,0.2695518690679558,-0.47957078304258416,-0.44759714185456223,2.518500356810196,-0.3303182851304563,-1.5175108291934007
0.82489075429998,-0.7423685817106694,-0.6816909479743812,-0.47957078304258416,-0.44759714185456223,-0.6640015677574649,-0.3303182851304563,0.6589738806223399
-1.5808491335888193,-0.7423685817106694,2.2100872158343234,-0.47957078304258416,-0.44759714185456223,0.489197451149056,-0.3303182851304563,-1.5175108291934007
0.82489075429998,-0.7423685817106694,-0.3011938211574465,0.5107854493944685,1.8723741825104212,0.2504316974880049,-0.3303182851304563,0.6589738806223399
0.82489075429998,-0.7423685817106694,0.23150215638626231,-0.47957078304258416,-0.44759714185456223,0.20997890981607994,-0.3303182851304563,0.6589738806223399
-0.3779791896444196,-0.7423685817106694,1.7534906636540015,-0.47957078304258416,-0.44759714185456223,-0.2976040118584918,-0.3303182851304563,0.6589738806223399
0.82489075429998,-0.7423685817106694,-0.2250943957940595,-0.47957078304258416,-0.44759714185456223,-0.8100689324946657,-0.3303182851304563,0.6589738806223399
-1.5808491335888193,-0.7423685817106694,1.2968941114736798,0.5107854493944685,-0.44759714185456223,1.2294025189916888,-0.3303182851304563,0.6589738806223399
0.82489075429998,-0.7423685817106694,-0.03484583238559207,-0.47957078304258416,-0.44759714185456223,-0.1246076164845343,-0.3303182851304563,0.6589738806223399
-1.5808491335888193,1.3470397652008117,1.6012918129272278,-0.47957078304258416,-0.44759714185456223,0.45490355244580727,-0.3303182851304563,-1.5175108291934007
0.82489075429998,1.3470397652008117,-0.9860886494279292,0.5107854493944685,0.7123885203279295,-0.7393001896352702,-0.3303182851304563,-1.5175108291934007
-0.3779791896444196,1.3470397652008117,-0.3772932465208334,0.5107854493944685,1.8723741825104212,1.2920242348365991,-0.3303182851304563,0.6589738806223399
-1.5808491335888193,-0.7423685817106694,0.992496410020132,-0.47957078304258416,-0.44759714185456223,2.5947598563795435,-0.3303182851304563,-1.5175108291934007
-0.3779791896444196,1.3470397652008117,1.1446952607469059,0.5107854493944685,-0.44759714185456223,0.35449046307310594,-0.3303182851304563,0.6589738806223399
0.82489075429998,1.3470397652008117,0.764198133929971,0.5107854493944685,5.352331169057896,0.5416746731592467,-0.3303182851304563,0.6589738806223399
0.82489075429998,-0.7423685817106694,-0.5294920972476074,-0.47957078304258416,-0.44759714185456223,-0.8100689324946657,-0.3303182851304563,0.6589738806223399
0.82489075429998,-0.7423685817106694,0.992496410020132,-0.47957078304258416,-0.44759714185456223,-0.8394592986878874,-0.3303182851304563,0.6589738806223399
0.82489075429998,-0.7423685817106694,-0.07289554506728556,-0.47957078304258416,-0.44759714185456223,-0.8891210790266412,-0.3303182851304563,0.6589738806223399
-1.5808491335888193,1.3470397652008117,1.5251923875638407,0.5107854493944685,-0.44759714185456223,1.4636008635081237,-0.3303182851304563,-1.5175108291934007
0.82489075429998,-0.7423685817106694,-2.1275800298787337,4.472210379142679,1.8723741825104212,0.9558076872646055,-0.3303182851304563,0.6589738806223399
0.82489075429998,1.3470397652008117,0.07930330565948839,-0.47957078304258416,-0.44759714185456223,-0.7233522977606277,-0.3303182851304563,0.6589738806223399
0.82489075429998,-0.7423685817106694,-0.6055915226109944,-0.47957078304258416,-0.44759714185456223,-0.8274027386366944,3.0273831180888426,-1.5175108291934007
0.82489075429998,-0.7423685817106694,-0.14899497043067253,-0.47957078304258416,-0.44759714185456223,-0.7233522977606277,-0.3303182851304563,0.6589738806223399
0.82489075429998,1.3470397652008117,-2.1466048862195803,1.5011416818315209,0.7123885203279295,0.05316793271342145,-0.3303182851304563,-1.5175108291934007
0.82489075429998,1.3470397652008117,-0.9099892240645422,-0.47957078304258416,-0.44759714185456223,-0.8294065695571002,3.0273831180888426,-1.5175108291934007
-0.3779791896444196,-0.7423685817106694,0.07930330565948839,-0.47957078304258416,-0.44759714185456223,-0.33441161920377827,-0.3303182851304563,0.6589738806223399
0.82489075429998,-0.7423685817106694,-0.7577903733377682,-0.47957078304258416,-0.44759714185456223,-0.8394592986878874,-0.3303182851304563,0.6589738806223399
0.82489075429998,-0.7423685817106694,-0.3011938211574465,0.5107854493944685,1.8723741825104212,0.2504316974880049,-0.3303182851304563,0.6589738806223399
-0.3779791896444196,1.3470397652008117,0.38370100711303623,-0.47957078304258416,-0.44759714185456223,-0.540742851836958,-0.3303182851304563,0.6589738806223399
-1.5808491335888193,1.3470397652008117,0.840297559293358,0.5107854493944685,0.7123885203279295,2.0465223298528725,-0.3303182851304563,-1.5175108291934007
0.82489075429998,-0.7423685817106694,-0.3011938211574465,-0.47957078304258416,-0.44759714185456223,-0.8274027386366944,3.0273831180888426,-1.5175108291934007
0.82489075429998,-0.7423685817106694,-0.6055915226109944,-0.47957078304258416,-0.44759714185456223,-0.8244101284015073,-0.3303182851304563,0.6589738806223399
0.82489075429998,-0.7423685817106694,-0.3011938211574465,-0.47957078304258416,-0.44759714185456223,-0.7233522977606277,-0.3303182851304563,0.6589738806223399
-0.3779791896444196,1.3470397652008117,-0.7577903733377682,-0.47957078304258416,-0.44759714185456223,-0.33441161920377827,-0.3303182851304563,0.6589738806223399
-0.3779791896444196,1.3470397652008117,-1.290486350881477,-0.47957078304258416,-0.44759714185456223,-0.14629927351815777,-0.3303182851304563,0.6589738806223399
-1.5808491335888193,1.3470397652008117,0.6880987085665841,-0.47957078304258416,-0.44759714185456223,2.5947598563795435,-0.3303182851304563,-1.5175108291934007
0.82489075429998,-0.7423685817106694,-0.3011938211574465,-0.47957078304258416,-0.44759714185456223,-0.8891210790266412,-0.3303182851304563,0.6589738806223399
0.82489075429998,1.3470397652008117,-0.5294920972476074,-0.47957078304258416,-0.44759714185456223,-0.8120280770665157,3.0273831180888426,-1.5175108291934007
-0.3779791896444196,1.3470397652008117,-0.5294920972476074,0.5107854493944685,0.7123885203279295,0.4650040747265683,-0.3303182851304563,0.6589738806223399
-0.3779791896444196,-0.7423685817106694,0.07930330565948839,-0.47957078304258416,-0.44759714185456223,-0.33441161920377827,-0.3303182851304563,0.6589738806223399
-1.5808491335888193,-0.7423685817106694,-0.6055915226109944,-0.47957078304258416,0.7123885203279295,1.4711078610612853,-0.3303182851304563,0.6589738806223399
-1.5808491335888193,1.3470397652008117,1.9817889397441626,1.5011416818315209,-0.44759714185456223,0.34277068555038737,-0.3303182851304563,0.6589738806223399
0.82489075429998,-0.7423685817106694,-0.3011938211574465,-0.47957078304258416,-0.44759714185456223,-0.8100689324946657,-0.3303182851304563,0.6589738806223399
0.82489075429998,1.3470397652008117,-1.5187846269716379,0.5107854493944685,0.7123885203279295,-0.1783579704035197,-0.3303182851304563,-1.5175108291934007
-1.5808491335888193,-0.7423685817106694,2.666683768014645,-0.47957078304258416,-0.44759714185456223,0.35449046307310594,-0.3303182851304563,0.6589738806223399
-1.5808491335888193,-0.7423685817106694,0.992496410020132,-0.47957078304258416,-0.44759714185456223,-3.102543068023807,-0.3303182851304563,0.6589738806223399
-0.3779791896444196,1.3470397652008117,-0.3011938211574465,-0.47957078304258416,0.7123885203279295,0.35449046307310594,-0.3303182851304563,0.6589738806223399
0.82489075429998,-0.7423685817106694,-0.6816909479743812,-0.47957078304258416,-0.44759714185456223,-0.7233522977606277,-0.3303182851304563,0.6589738806223399
-0.3779791896444196,-0.7423685817106694,-0.8338897987011552,-0.47957078304258416,-0.44759714185456223,-0.540742851836958,-0.3303182851304563,0.6589738806223399
0.82489075429998,-0.7423685817106694,0.15540273102287536,-0.47957078304258416,-0.44759714185456223,-0.8274027386366944,3.0273831180888426,-1.5175108291934007
-1.5808491335888193,1.3470397652008117,-0.6055915226109944,-0.47957078304258416,-0.44759714185456223,0.37564241894950545,-0.3303182851304563,0.6589738806223399
-1.5808491335888193,-0.7423685817106694,1.3729935368370667,-0.47957078304258416,-0.44759714185456223,1.0619325511935014,-0.3303182851304563,0.6589738806223399
-0.3779791896444196,-0.7423685817106694,0.04125359297779489,-0.47957078304258416,-0.44759714185456223,-3.102543068023807,-0.3303182851304563,0.6589738806223399
0.82489075429998,1.3470397652008117,-0.5294920972476074,2.491497914268573,0.7123885203279295,0.33356522117444337,-0.3303182851304563,0.6589738806223399
-1.5808491335888193,-0.7423685817106694,1.7534906636540015,0.5107854493944685,0.7123885203279295,1.5022928294826141,-0.3303182851304563,0.6589738806223399
0.82489075429998,-0.7423685817106694,1.3729935368370667,-0.47957078304258416,-0.44759714185456223,-0.6873404356390691,-0.3303182851304563,0.6589738806223399
0.82489075429998,-0.7423685817106694,0.3076015817496493,-0.47957078304258416,-0.44759714185456223,-0.6361639847469676,-0.3303182851304563,0.6589738806223399
0.82489075429998,-0.7423685817106694,-0.7577903733377682,-0.47957078304258416,-0.44759714185456223,-0.8100689324946657,-0.3303182851304563,0.6589738806223399
-0.3779791896444196,1.3470397652008117,-0.07289554506728556,0.5107854493944685,-0.44759714185456223,0.27376532083684096,-0.3303182851304563,-1.5175108291934007
0.82489075429998,-0.7423685817106694,-0.3011938211574465,-0.47957078304258416,-0.44759714185456223,-0.8100689324946657,-0.3303182851304563,-1.5175108291934007
0.82489075429998,-0.7423685817106694,-0.3011938211574465,-0.47957078304258416,-0.44759714185456223,-0.7920429012602808,-0.3303182851304563,0.6589738806223399
-1.5808491335888193,-0.7423685817106694,-0.14899497043067253,0.5107854493944685,-0.44759714185456223,1.0834795291036072,-0.3303182851304563,0.6589738806223399
-1.5808491335888193,1.3470397652008117,0.5358998578398102,0.5107854493944685,-0.44759714185456223,2.039921732098345,-0.3303182851304563,0.6589738806223399
-0.3779791896444196,-0.7423685817106694,-1.9753811791519598,0.5107854493944685,0.7123885203279295,0.35449046307310594,-0.3303182851304563,0.6589738806223399
0.82489075429998,1.3470397652008117,-0.5294920972476074,-0.47957078304258416,-0.44759714185456223,-0.8274027386366944,3.0273831180888426,-1.5175108291934007
0.82489075429998,-0.7423685817106694,-0.3011938211574465,-0.47957078304258416,-0.44759714185456223,-0.8100689324946657,-0.3303182851304563,0.6589738806223399
0.82489075429998,-0.7423685817106694,-0.3011938211574465,2.491497914268573,0.7123885203279295,0.33356522117444337,-0.3303182851304563,0.6589738806223399
-1.5808491335888193,1.3470397652008117,1.4490929622004538,-0.47957078304258416,-0.44759714185456223,0.351736377630709,-0.3303182851304563,0.6589738806223399
0.82489075429998,1.3470397652008117,1.4490929622004538,0.5107854493944685,3.032359844692913,0.6378726712364107,-0.3303182851304563,0.6589738806223399
-0.3779791896444196,-0.7423685817106694,0.992496410020132,-0.47957078304258416,-0.44759714185456223,-0.33441161920377827,-0.3303182851304563,0.6589738806223399
0.82489075429998,1.3470397652008117,-0.5294920972476074,-0.47957078304258416,-0.44759714185456223,-0.8923044173605303,-0.3303182851304563,-1.5175108291934007
-0.3779791896444196,1.3470397652008117,-0.3772932465208334,0.5107854493944685,-0.44759714185456223,0.35449046307310594,-0.3303182851304563,0.6589738806223399
0.82489075429998,-0.7423685817106694,-0.6055915226109944,-0.47957078304258416,-0.44759714185456223,-0.8244101284015073,-0.3303182851304563,0.6589738806223399
0.82489075429998,1.3470397652008117,-0.5294920972476074,2.491497914268573,0.7123885203279295,0.33356522117444337,-0.3303182851304563,0.6589738806223399
-1.5808491335888193,1.3470397652008117,0.4598004324764232,0.5107854493944685,-0.44759714185456223,1.6289388596607592,-0.3303182851304563,0.6589738806223399
0.82489075429998,-0.7423685817106694,-1.8231823284251858,3.4818541467056257,1.8723741825104212,0.545324467131099,-0.3303182851304563,0.6589738806223399
0.82489075429998,-0.7423685817106694,-0.4533926718842204,-0.47957078304258416,-0.44759714185456223,-0.8100689324946657,-0.3303182851304563,0.6589738806223399
0.82489075429998,-0.7423685817106694,-0.3011938211574465,-0.47957078304258416,-0.44759714185456223,-0.8100689324946657,-0.3303182851304563,0.6589738806223399
0.82489075429998,-0.7423685817106694,-0.3011938211574465,-0.47957078304258416,-0.44759714185456223,-0.927974008780012,3.0273831180888426,-1.5175108291934007
0.82489075429998,-0.7423685817106694,-0.6055915226109944,-0.47957078304258416,-0.44759714185456223,-0.7920429012602808,-0.3303182851304563,0.6589738806223399
-1.5808491335888193,-0.7423685817106694,0.6119992832031972,-0.47957078304258416,0.7123885203279295,0.489197451149056,-0.3303182851304563,-1.5175108291934007
0.82489075429998,1.3470397652008117,-0.5294920972476074,0.5107854493944685,9.992273817787863,1.3619517960233845,-0.3303182851304563,0.6589738806223399
0.82489075429998,-0.7423685817106694,-1.138287500154703,3.4818541467056257,0.7123885203279295,0.7846313901760885,-0.3303182851304563,0.6589738806223399
-0.3779791896444196,1.3470397652008117,-0.3772932465208334,-0.47957078304258416,-0.44759714185456223,-0.33441161920377827,-0.3303182851304563,0.6589738806223399
0.82489075429998,-0.7423685817106694,1.3729935368370667,-0.47957078304258416,-0.44759714185456223,-0.8891210790266412,-0.3303182851304563,0.6589738806223399
-0.3779791896444196,1.3470397652008117,0.5358998578398102,-0.47957078304258416,-0.44759714185456223,-0.33441161920377827,-0.3303182851304563,0.6589738806223399
0.82489075429998,-0.7423685817106694,0.5358998578398102,-0.47957078304258416,-0.44759714185456223,-0.6361639847469676,-0.3303182851304563,0.6589738806223399
-1.5808491335888193,1.3470397652008117,-0.5294920972476074,-0.47957078304258416,0.7123885203279295,1.1990220345084048,-0.3303182851304563,-1.5175108291934007
-0.3779791896444196,1.3470397652008117,-0.14899497043067253,0.5107854493944685,-0.44759714185456223,-0.27200015750067347,-0.3303182851304563,-1.5175108291934007
0.82489075429998,-0.7423685817106694,-0.3011938211574465,-0.47957078304258416,-0.44759714185456223,-0.8100689324946657,-0.3303182851304563,0.6589738806223399
0.82489075429998,-0.7423685817106694,0.3076015817496493,-0.47957078304258416,-0.44759714185456223,-0.8100689324946657,-0.3303182851304563,0.6589738806223399
0.82489075429998,-0.7423685817106694,-0.5294920972476074,-0.47957078304258416,-0.44759714185456223,-0.9051352706377722,-0.3303182851304563,0.6589738806223399
0.82489075429998,-0.7423685817106694,-0.4533926718842204,-0.47957078304258416,-0.44759714185456223,-0.8149855185915706,-0.3303182851304563,0.6589738806223399
0.82489075429998,-0.7423685817106694,-0.3011938211574465,-0.47957078304258416,-0.44759714185456223,-0.8219267672511483,-0.3303182851304563,0.6589738806223399
0.82489075429998,-0.7423685817106694,-2.178566644872203,-0.47957078304258416,1.8723741825104212,-0.23443989704816012,-0.3303182851304563,0.6589738806223399
0.82489075429998,1.3470397652008117,0.6880987085665841,0.5107854493944685,5.352331169057896,0.545324467131099,-0.3303182851304563,0.6589738806223399
0.82489075429998,-0.7423685817106694,1.2588443987919864,-0.47957078304258416,-0.44759714185456223,-0.8923044173605303,-0.3303182851304563,-1.5175108291934007
-0.3779791896444196,-0.7423685817106694,3.123280320194967,-0.47957078304258416,-0.44759714185456223,-0.540742851836958,-0.3303182851304563,0.6589738806223399
0.82489075429998,1.3470397652008117,-0.3772932465208334,-0.47957078304258416,3.032359844692913,0.05316793271342145,-0.3303182851304563,-1.5175108291934007
0.82489075429998,-0.7423685817106694,-1.2143869255180901,3.4818541467056257,1.8723741825104212,0.545324467131099,-0.3303182851304563,0.6589738806223399
-1.5808491335888193,-0.7423685817106694,0.992496410020132,-0.47957078304258416,-0.44759714185456223,0.8547404985071456,-0.3303182851304563,0.6589738806223399
0.82489075429998,-0.7423685817106694,-0.07289554506728556,-0.47957078304258416,-0.44759714185456223,-0.7920429012602808,-0.3303182851304563,0.6589738806223399
-1.5808491335888193,-0.7423685817106694,1.9056895143807755,-0.47957078304258416,-0.44759714185456223,1.059207788547746,-0.3303182851304563,0.6589738806223399
0.82489075429998,-0.7423685817106694,-1.290486350881477,0.5107854493944685,-0.44759714185456223,-0.47518485255686604,-0.3303182851304563,-1.5175108291934007
0.82489075429998,-0.7423685817106694,0.0032038802961014126,-0.47957078304258416,-0.44759714185456223,-0.7920429012602808,-0.3303182851304563,0.6589738806223399
-1.5808491335888193,-0.7423685817106694,2.5144849172878714,-0.47957078304258416,-0.44759714185456223,0.37564241894950545,-0.3303182851304563,0.6589738806223399
-0.3779791896444196,1.3470397652008117,0.6880987085665841,-0.47957078304258416,-0.44759714185456223,-0.33441161920377827,-0.3303182851304563,0.6589738806223399
0.82489075429998,1.3470397652008117,-0.5294920972476074,0.5107854493944685,-0.44759714185456223,-0.1620726410722276,3.0273831180888426,-1.5175108291934007
0.82489075429998,1.3470397652008117,0.07930330565948839,0.5107854493944685,0.7123885203279295,0.2800399707104489,-0.3303182851304563,0.6589738806223399
0.82489075429998,-0.7423685817106694,-0.6816909479743812,-0.47957078304258416,-0.44759714185456223,-0.8917689408700837,-0.3303182851304563,-1.5175108291934007
-1.5808491335888193,-0.7423685817106694,1.5251923875638407,0.5107854493944685,-0.44759714185456223,1.618562286364313,-0.3303182851304563,-1.5175108291934007
0.82489075429998,1.3470397652008117,0.6880987085665841,3.4818541467056257,1.8723741825104212,-0.8244101284015073,-0.3303182851304563,0.6589738806223399
-1.5808491335888193,1.3470397652008117,-0.5294920972476074,0.5107854493944685,-0.44759714185456223,1.317149009138185,-0.3303182851304563,0.6589738806223399
0.82489075429998,-0.7423685817106694,-0.07289554506728556,-0.47957078304258416,-0.44759714185456223,-0.6361639847469676,-0.3303182851304563,0.6589738806223399
-0.3779791896444196,-0.7423685817106694,-0.14899497043067253,-0.47957078304258416,-0.44759714185456223,0.35449046307310594,-0.3303182851304563,0.6589738806223399
0.82489075429998,-0.7423685817106694,0.7261484212482776,-0.47957078304258416,-0.44759714185456223,-0.8891210790266412,-0.3303182851304563,0.6589738806223399
-0.3779791896444196,1.3470397652008117,-2.051480604515347,0.5107854493944685,0.7123885203279295,0.35449046307310594,-0.3303182851304563,0.6589738806223399
0.82489075429998,-0.7423685817106694,-0.5294920972476074,-0.47957078304258416,-0.44759714185456223,-0.8219267672511483,-0.3303182851304563,0.6589738806223399
0.82489075429998,1.3470397652008117,-0.8338897987011552,-0.47957078304258416,-0.44759714185456223,-0.8244101284015073,-0.3303182851304563,0.6589738806223399
0.82489075429998,-0.7423685817106694,-0.3772932465208334,-0.47957078304258416,-0.44759714185456223,-0.902981571437313,-0.3303182851304563,0.6589738806223399
-1.5808491335888193,1.3470397652008117,0.916396984656745,-0.47957078304258416,-0.44759714185456223,2.0465223298528725,-0.3303182851304563,-1.5175108291934007
-0.3779791896444196,-0.7423685817106694,0.764198133929971,-0.47957078304258416,-0.44759714185456223,-0.33441161920377827,-0.3303182851304563,0.6589738806223399
0.82489075429998,1.3470397652008117,-1.442685201608251,4.472210379142679,1.8723741825104212,0.9558076872646055,-0.3303182851304563,0.6589738806223399
0.82489075429998,-0.7423685817106694,-0.6055915226109944,-0.47957078304258416,-0.44759714185456223,-0.7233522977606277,-0.3303182851304563,0.6589738806223399
0.82489075429998,-0.7423685817106694,1.068595835383519,-0.47957078304258416,-0.44759714185456223,-0.9961089422312687,-0.3303182851304563,0.6589738806223399
0.82489075429998,1.3470397652008117,-1.5187846269716379,1.5011416818315209,1.8723741825104212,0.6378726712364107,-0.3303182851304563,0.6589738806223399
0.82489075429998,-0.7423685817106694,-0.5294920972476074,-0.47957078304258416,-0.44759714185456223,-0.7920429012602808,-0.3303182851304563,0.6589738806223399
0.82489075429998,1.3470397652008117,-1.5187846269716379,3.4818541467056257,1.8723741825104212,0.5416746731592467,-0.3303182851304563,0.6589738806223399
0.82489075429998,-0.7423685817106694,-0.3011938211574465,-0.47957078304258416,-0.44759714185456223,-0.7920429012602808,-0.3303182851304563,0.6589738806223399
-0.3779791896444196,-0.7423685817106694,-0.4533926718842204,-0.47957078304258416,-0.44759714185456223,-0.33441161920377827,-0.3303182851304563,0.6589738806223399
-1.5808491335888193,1.3470397652008117,-0.9860886494279292,-0.47957078304258416,0.7123885203279295,1.1740535219305388,-0.3303182851304563,-1.5175108291934007
-0.3779791896444196,-0.7423685817106694,0.04125359297779489,-0.47957078304258416,-0.44759714185456223,-3.102543068023807,-0.3303182851304563,0.6589738806223399
0.82489075429998,1.3470397652008117,0.4598004324764232,0.5107854493944685,0.7123885203279295,0.10329772442545829,-0.3303182851304563,0.6589738806223399
-0.3779791896444196,-0.7423685817106694,-0.7577903733377682,-0.47957078304258416,-0.44759714185456223,-0.540742851836958,-0.3303182851304563,0.6589738806223399
0.82489075429998,-0.7423685817106694,-2.051480604515347,3.4818541467056257,0.7123885203279295,0.46936544972508204,3.0273831180888426,-1.5175108291934007
0.82489075429998,-0.7423685817106694,-0.3011938211574465,0.5107854493944685,0.7123885203279295,-0.2276508171919241,-0.3303182851304563,0.6589738806223399
0.82489075429998,1.3470397652008117,0.5358998578398102,-0.47957078304258416,1.8723741825104212,-0.13694786677064213,-0.3303182851304563,0.6589738806223399
-1.5808491335888193,1.3470397652008117,2.362286066561097,-0.47957078304258416,-0.44759714185456223,1.457680384620217,-0.3303182851304563,-1.5175108291934007
-0.3779791896444196,1.3470397652008117,-2.1336679839078045,0.5107854493944685,1.8723741825104212,0.42036290463895254,-0.3303182851304563,0.6589738806223399
0.82489075429998,-0.7423685817106694,-0.3011938211574465,-0.47957078304258416,-0.44759714185456223,-0.8304039114307161,3.0273831180888426,-1.5175108291934007
0.82489075429998,1.3470397652008117,0.6880987085665841,-0.47957078304258416,-0.44759714185456223,-0.8917689408700837,-0.3303182851304563,-1.5175108291934007
-0.3779791896444196,-0.7423685817106694,-0.8338897987011552,-0.47957078304258416,-0.44759714185456223,-0.33441161920377827,-0.3303182851304563,0.6589738806223399
0.82489075429998,1.3470397652008117,1.220794686110293,-0.47957078304258416,-0.44759714185456223,-0.8923044173605303,-0.3303182851304563,-1.5175108291934007
0.82489075429998,-0.7423685817106694,-0.2250943957940595,-0.47957078304258416,-0.44759714185456223,-0.8100689324946657,-0.3303182851304563,0.6589738806223399
0.82489075429998,1.3470397652008117,0.840297559293358,0.5107854493944685,-0.44759714185456223,-0.6386643653730026,-0.3303182851304563,0.6589738806223399
0.82489075429998,-0.7423685817106694,-0.3011938211574465,-0.47957078304258416,-0.44759714185456223,-0.7920429012602808,-0.3303182851304563,0.6589738806223399
-0.3779791896444196,-0.7423685817106694,-0.07289554506728556,-0.47957078304258416,0.7123885203279295,0.5962888438583749,-0.3303182851304563,0.6589738806223399
-1.5808491335888193,1.3470397652008117,-0.7577903733377682,-0.47957078304258416,1.8723741825104212,0.36543890089728964,-0.3303182851304563,0.6589738806223399
-0.3779791896444196,-0.7423685817106694,0.6119992832031972,0.5107854493944685,-0.44759714185456223,0.35449046307310594,-0.3303182851304563,0.6589738806223399
-1.5808491335888193,1.3470397652008117,-0.5294920972476074,-0.47957078304258416,-0.44759714185456223,2.1708398539274696,-0.3303182851304563,0.6589738806223399
-1.5808491335888193,-0.7423685817106694,1.9056895143807755,-0.47957078304258416,0.7123885203279295,1.4711078610612853,-0.3303182851304563,0.6589738806223399
-1.5808491335888193,-0.7423685817106694,1.3729935368370667,0.5107854493944685,-0.44759714185456223,2.5947598563795435,-0.3303182851304563,-1.5175108291934007
0.82489075429998,1.3470397652008117,-0.5294920972476074,-0.47957078304258416,-0.44759714185456223,0.7846313901760885,-0.3303182851304563,0.6589738806223399
-0.3779791896444196,-0.7423685817106694,-0.3011938211574465,-0.47957078304258416,-0.44759714185456223,-0.33441161920377827,-0.3303182851304563,0.6589738806223399
-0.3779791896444196,-0.7423685817106694,0.38370100711303623,0.5107854493944685,-0.44759714185456223,0.13967972447096214,-0.3303182851304563,0.6589738806223399
0.82489075429998,1.3470397652008117,-0.5294920972476074,-0.47957078304258416,-0.44759714185456223,-0.7920429012602808,-0.3303182851304563,0.6589738806223399
-1.5808491335888193,-0.7423685817106694,0.5358998578398102,-0.47957078304258416,0.7123885203279295,3.443612411559479,-0.3303182851304563,-1.5175108291934007
-0.3779791896444196,-0.7423685817106694,-0.07289554506728556,-0.47957078304258416,-0.44759714185456223,-0.2976040118584918,-0.3303182851304563,0.6589738806223399
-0.3779791896444196,-0.7423685817106694,2.5144849172878714,-0.47957078304258416,-0.44759714185456223,-0.617598735917451,3.0273831180888426,-1.5175108291934007
0.82489075429998,1.3470397652008117,-0.5294920972476074,-0.47957078304258416,-0.44759714185456223,-0.602979556050611,-0.3303182851304563,0.6589738806223399
-0.3779791896444196,1.3470397652008117,-0.3772932465208334,1.5011416818315209,0.7123885203279295,0.39263681875063533,-0.3303182851304563,0.6589738806223399
0.82489075429998,-0.7423685817106694,-0.14899497043067253,-0.47957078304258416,-0.44759714185456223,-0.8100689324946657,-0.3303182851304563,0.6589738806223399
0.82489075429998,1.3470397652008117,-1.1002377874730096,0.5107854493944685,-0.44759714185456223,-0.2307547627188153,-0.3303182851304563,-1.5175108291934007
0.82489075429998,-0.7423685817106694,1.1446952607469059,-0.47957078304258416,-0.44759714185456223,-0.7920429012602808,-0.3303182851304563,0.6589738806223399
0.82489075429998,1.3470397652008117,-0.5294920972476074,0.5107854493944685,-0.44759714185456223,-0.23047652397096224,-0.3303182851304563,-1.5175108291934007
-0.3779791896444196,-0.7423685817106694,0.23150215638626231,-0.47957078304258416,-0.44759714185456223,-0.2976040118584918,-0.3303182851304563,0.6589738806223399
0.82489075429998,-0.7423685817106694,-0.3011938211574465,-0.47957078304258416,-0.44759714185456223,-0.8917689408700837,-0.3303182851304563,-1.5175108291934007
-1.5808491335888193,1.3470397652008117,-0.4533926718842204,0.5107854493944685,-0.44759714185456223,1.867826159898298,-0.3303182851304563,-1.5175108291934007
0.82489075429998,-0.7423685817106694,-1.9753811791519598,0.5107854493944685,0.7123885203279295,-0.13694786677064213,-0.3303182851304563,0.6589738806223399
0.82489075429998,-0.7423685817106694,0.07930330565948839,-0.47957078304258416,-0.44759714185456223,-0.8923044173605303,-0.3303182851304563,-1.5175108291934007
-0.3779791896444196,-0.7423685817106694,-0.6055915226109944,0.5107854493944685,-0.44759714185456223,-0.4532831171175722,-0.3303182851304563,0.6589738806223399
-1.5808491335888193,1.3470397652008117,1.220794686110293,-0.47957078304258416,0.7123885203279295,1.2656034355419628,-0.3303182851304563,-1.5175108291934007
0.82489075429998,1.3470397652008117,-0.5294920972476074,1.5011416818315209,-0.44759714185456223,0.2418163786147907,3.0273831180888426,-1.5175108291934007
0.82489075429998,1.3470397652008117,2.5905843426512583,-0.47957078304258416,-0.44759714185456223,-0.6274592943254591,-0.3303182851304563,0.6589738806223399
0.82489075429998,-0.7423685817106694,-0.3011938211574465,-0.47957078304258416,-0.44759714185456223,-0.8917689408700837,-0.3303182851304563,-1.5175108291934007
0.82489075429998,1.3470397652008117,0.15540273102287536,-0.47957078304258416,-0.44759714185456223,-0.8149855185915706,-0.3303182851304563,0.6589738806223399
0.82489075429998,-0.7423685817106694,0.07930330565948839,-0.47957078304258416,-0.44759714185456223,-0.6361639847469676,-0.3303182851304563,0.6589738806223399
-0.3779791896444196,-0.7423685817106694,1.1446952607469059,0.5107854493944685,-0.44759714185456223,0.35449046307310594,-0.3303182851304563,0.6589738806223399
-0.3779791896444196,-0.7423685817106694,0.04125359297779489,-0.47957078304258416,-0.44759714185456223,-0.34381893944451974,-0.3303182851304563,0.6589738806223399
-1.5808491335888193,-0.7423685817106694,1.2968941114736798,-0.47957078304258416,-0.44759714185456223,0.35449046307310594,-0.3303182851304563,0.6589738806223399
-1.5808491335888193,1.3470397652008117,0.07930330565948839,-0.47957078304258416,-0.44759714185456223,1.1552116893525355,-0.3303182851304563,-1.5175108291934007
-0.3779791896444196,-0.7423685817106694,0.0032038802961014126,-0.47957078304258416,-0.44759714185456223,-0.540742851836958,-0.3303182851304563,0.6589738806223399
-0.3779791896444196,-0.7423685817106694,0.38370100711303623,-0.47957078304258416,-0.44759714185456223,-0.33441161920377827,-0.3303182851304563,0.6589738806223399
0.82489075429998,-0.7423685817106694,1.068595835383519,-0.47957078304258416,-0.44759714185456223,-0.8100689324946657,-0.3303182851304563,0.6589738806223399
-1.5808491335888193,1.3470397652008117,-0.4533926718842204,2.491497914268573,1.8723741825104212,2.746121110745426,-0.3303182851304563,0.6589738806223399
0.82489075429998,1.3470397652008117,-0.8338897987011552,-0.47957078304258416,-0.44759714185456223,-0.6025731371242675,-0.3303182851304563,0.6589738806223399
-1.5808491335888193,1.3470397652008117,0.15540273102287536,0.5107854493944685,-0.44759714185456223,1.867826159898298,-0.3303182851304563,-1.5175108291934007
0.82489075429998,-0.7423685817106694,0.07930330565948839,-0.47957078304258416,-0.44759714185456223,-0.7920429012602808,-0.3303182851304563,0.6589738806223399
-0.3779791896444196,-0.7423685817106694,0.04125359297779489,-0.47957078304258416,-0.44759714185456223,-0.191076586013119,-0.3303182851304563,-1.5175108291934007
0.82489075429998,1.3470397652008117,-0.5294920972476074,-0.47957078304258416,-0.44759714185456223,-0.8289022516525116,3.0273831180888426,-1.5175108291934007
0.82489075429998,-0.7423685817106694,-0.3772932465208334,-0.47957078304258416,-0.44759714185456223,-0.7920429012602808,-0.3303182851304563,0.6589738806223399
-1.5808491335888193,-0.7423685817106694,0.992496410020132,-0.47957078304258416,-0.44759714185456223,0.7823732425312131,-0.3303182851304563,0.6589738806223399
0.82489075429998,-0.7423685817106694,-0.3011938211574465,-0.47957078304258416,-0.44759714185456223,-0.8244101284015073,-0.3303182851304563,0.6589738806223399
-1.5808491335888193,-0.7423685817106694,0.840297559293358,-0.47957078304258416,-0.44759714185456223,-3.102543068023807,-0.3303182851304563,0.6589738806223399
-0.3779791896444196,1.3470397652008117,-0.5294920972476074,-0.47957078304258416,-0.44759714185456223,-0.540742851836958,-0.3303182851304563,0.6589738806223399
0.82489075429998,1.3470397652008117,-1.5187846269716379,0.5107854493944685,0.7123885203279295,-0.1783579704035197,-0.3303182851304563,-1.5175108291934007
-0.3779791896444196,-0.7423685817106694,-0.3772932465208334,-0.47957078304258416,-0.44759714185456223,-0.2976040118584918,-0.3303182851304563,0.6589738806223399
-1.5808491335888193,-0.7423685817106694,0.992496410020132,-0.47957078304258416,-0.44759714185456223,-3.102543068023807,-0.3303182851304563,0.6589738806223399
0.82489075429998,-0.7423685817106694,0.23150215638626231,-0.47957078304258416,-0.44759714185456223,-0.7920429012602808,-0.3303182851304563,0.6589738806223399
-0.3779791896444196,-0.7423685817106694,-0.8338897987011552,-0.47957078304258416,-0.44759714185456223,-0.4532831171175722,-0.3303182851304563,0.6589738806223399
-0.3779791896444196,1.3470397652008117,-0.9099892240645422,-0.47957078304258416,-0.44759714185456223,-0.540742851836958,-0.3303182851304563,0.6589738806223399
-0.3779791896444196,-0.7423685817106694,0.04125359297779489,-0.47957078304258416,-0.44759714185456223,-0.19135110283862386,-0.3303182851304563,-1.5175108291934007
-1.5808491335888193,-0.7423685817106694,1.068595835383519,0.5107854493944685,-0.44759714185456223,0.4192970363868142,-0.3303182851304563,-1.5175108291934007
-1.5808491335888193,1.3470397652008117,1.7534906636540015,0.5107854493944685,0.7123885203279295,1.6685250359843078,-0.3303182851304563,0.6589738806223399
-1.5808491335888193,-0.7423685817106694,2.1339877904709366,0.5107854493944685,0.7123885203279295,2.258625205319116,-0.3303182851304563,0.6589738806223399
0.82489075429998,-0.7423685817106694,-0.3011938211574465,-0.47957078304258416,-0.44759714185456223,-0.7848239520779593,-0.3303182851304563,0.6589738806223399
0.82489075429998,-0.7423685817106694,-0.3011938211574465,-0.47957078304258416,-0.44759714185456223,-0.8891210790266412,-0.3303182851304563,0.6589738806223399
-0.3779791896444196,1.3470397652008117,0.07930330565948839,-0.47957078304258416,-0.44759714185456223,-0.33441161920377827,-0.3303182851304563,0.6589738806223399
-1.5808491335888193,-0.7423685817106694,0.4598004324764232,-0.47957078304258416,-0.44759714185456223,0.37564241894950545,-0.3303182851304563,-1.5175108291934007
0.82489075429998,1.3470397652008117,-0.5294920972476074,-0.47957078304258416,-0.44759714185456223,-0.7819502265107677,3.0273831180888426,-1.5175108291934007
-1.5808491335888193,1.3470397652008117,-0.3011938211574465,0.5107854493944685,-0.44759714185456223,1.1279260706759662,-0.3303182851304563,-1.5175108291934007
0.82489075429998,1.3470397652008117,-1.8992817537885727,-0.47957078304258416,0.7123885203279295,-0.3036471894024766,-0.3303182851304563,-1.5175108291934007
-0.3779791896444196,-0.7423685817106694,-0.5294920972476074,1.5011416818315209,-0.44759714185456223,0.5489616052710549,-0.3303182851304563,0.6589738806223399
-0.3779791896444196,-0.7423685817106694,-0.6055915226109944,-0.47957078304258416,-0.44759714185456223,-0.4532831171175722,-0.3303182851304563,0.6589738806223399
0.82489075429998,-0.7423685817106694,-0.6055915226109944,-0.47957078304258416,-0.44759714185456223,-0.1246076164845343,-0.3303182851304563,0.6589738806223399
0.82489075429998,-0.7423685817106694,-0.3011938211574465,0.5107854493944685,-0.44759714185456223,0.2800399707104489,3.0273831180888426,-1.5175108291934007
0.82489075429998,-0.7423685817106694,-0.2250943957940595,0.5107854493944685,-0.44759714185456223,-0.2307547627188153,-0.3303182851304563,-1.5175108291934007
0.82489075429998,-0.7423685817106694,-1.7470829030617987,2.491497914268573,0.7123885203279295,0.1432494698651654,-0.3303182851304563,0.6589738806223399
0.82489075429998,-0.7423685817106694,-0.9099892240645422,-0.47957078304258416,-0.44759714185456223,-0.8100689324946657,-0.3303182851304563,0.6589738806223399
0.82489075429998,-0.7423685817106694,-0.7958400860194618,-0.47957078304258416,-0.44759714185456223,-0.8917689408700837,-0.3303182851304563,-1.5175108291934007
-0.3779791896444196,1.3470397652008117,-1.0621880747913162,-0.47957078304258416,1.8723741825104212,0.7667564402697575,-0.3303182851304563,0.6589738806223399
0.82489075429998,-0.7423685817106694,0.764198133929971,-0.47957078304258416,0.7123885203279295,-0.3036471894024766,-0.3303182851304563,-1.5175108291934007
0.82489075429998,-0.7423685817106694,-0.3011938211574465,0.5107854493944685,-0.44759714185456223,-0.1246076164845343,-0.3303182851304563,0.6589738806223399
-0.3779791896444196,-0.7423685817106694,0.23150215638626231,0.5107854493944685,-0.44759714185456223,0.35449046307310594,-0.3303182851304563,0.6589738806223399
-1.5808491335888193,-0.7423685817106694,-0.7577903733377682,2.491497914268573,1.8723741825104212,2.746121110745426,-0.3303182851304563,0.6589738806223399
0.82489075429998,1.3470397652008117,-0.8338897987011552,-0.47957078304258416,-0.44759714185456223,-0.8120280770665157,3.0273831180888426,-1.5175108291934007
-0.3779791896444196,-0.7423685817106694,0.07930330565948839,0.5107854493944685,-0.44759714185456223,0.27376532083684096,-0.3303182851304563,-1.5175108291934007
0.82489075429998,1.3470397652008117,-0.5294920972476074,-0.47957078304258416,-0.44759714185456223,-0.8120280770665157,3.0273831180888426,-1.5175108291934007
0.82489075429998,-0.7423685817106694,0.764198133929971,-0.47957078304258416,-0.44759714185456223,-0.8066315811583502,-0.3303182851304563,0.6589738806223399
-0.3779791896444196,-0.7423685817106694,-0.6055915226109944,0.5107854493944685,-0.44759714185456223,-0.4532831171175722,-0.3303182851304563,0.6589738806223399
-1.5808491335888193,-0.7423685817106694,2.2100872158343234,-0.47957078304258416,1.8723741825104212,1.867826159898298,-0.3303182851304563,-1.5175108291934007
0.82489075429998,-0.7423685817106694,-0.3011938211574465,0.5107854493944685,0.7123885203279295,-0.1783579704035197,-0.3303182851304563,-1.5175108291934007
-0.3779791896444196,-0.7423685817106694,0.992496410020132,0.5107854493944685,-0.44759714185456223,0.39263681875063533,-0.3303182851304563,0.6589738806223399
-0.3779791896444196,-0.7423685817106694,-0.3772932465208334,-0.47957078304258416,-0.44759714185456223,-0.33441161920377827,-0.3303182851304563,0.6589738806223399
0.82489075429998,1.3470397652008117,-1.2143869255180901,-0.47957078304258416,-0.44759714185456223,-0.8917689408700837,-0.3303182851304563,-1.5175108291934007
-0.3779791896444196,1.3470397652008117,0.38370100711303623,-0.47957078304258416,0.7123885203279295,0.23094675620507135,-0.3303182851304563,0.6589738806223399
0.82489075429998,1.3470397652008117,-0.3772932465208334,-0.47957078304258416,-0.44759714185456223,-0.703193269019604,-0.3303182851304563,0.6589738806223399
0.82489075429998,-0.7423685817106694,-0.9860886494279292,-0.47957078304258416,-0.44759714185456223,-0.6361639847469676,-0.3303182851304563,0.6589738806223399
-0.3779791896444196,1.3470397652008117,-0.14899497043067253,0.5107854493944685,-0.44759714185456223,0.13967972447096214,-0.3303182851304563,0.6589738806223399
0.82489075429998,-0.7423685817106694,-0.07289554506728556,-0.47957078304258416,-0.44759714185456223,-0.6361639847469676,-0.3303182851304563,0.6589738806223399
0.82489075429998,-0.7423685817106694,-0.3011938211574465,-0.47957078304258416,-0.44759714185456223,-0.8100689324946657,-0.3303182851304563,0.6589738806223399
-1.5808491335888193,-0.7423685817106694,2.666683768014645,0.5107854493944685,-0.44759714185456223,1.4434475676907037,-0.3303182851304563,-1.5175108291934007
0.82489075429998,-0.7423685817106694,2.019838652425856,-0.47957078304258416,-0.44759714185456223,-0.7920429012602808,-0.3303182851304563,0.6589738806223399
-0.3779791896444196,-0.7423685817106694,-0.2250943957940595,-0.47957078304258416,-0.44759714185456223,-0.540742851836958,-0.3303182851304563,0.6589738806223399
0.82489075429998,-0.7423685817106694,-0.2250943957940595,-0.47957078304258416,-0.44759714185456223,-0.8244101284015073,-0.3303182851304563,0.6589738806223399
0.82489075429998,-0.7423685817106694,-0.9099892240645422,-0.47957078304258416,-0.44759714185456223,-0.7233522977606277,-0.3303182851304563,0.6589738806223399
0.82489075429998,-0.7423685817106694,0.0032038802961014126,-0.47957078304258416,-0.44759714185456223,-0.8244101284015073,-0.3303182851304563,0.6589738806223399
0.82489075429998,1.3470397652008117,0.6119992832031972,-0.47957078304258416,-0.44759714185456223,-0.8274027386366944,3.0273831180888426,-1.5175108291934007
-1.5808491335888193,1.3470397652008117,2.666683768014645,0.5107854493944685,0.7123885203279295,0.37564241894950545,-0.3303182851304563,0.6589738806223399
-1.5808491335888193,-0.7423685817106694,0.992496410020132,-0.47957078304258416,-0.44759714185456223,0.34440759161860574,-0.3303182851304563,-1.5175108291934007
0.82489075429998,-0.7423685817106694,-0.3011938211574465,0.5107854493944685,0.7123885203279295,-0.1783579704035197,-0.3303182851304563,-1.5175108291934007
0.82489075429998,-0.7423685817106694,-0.3011938211574465,-0.47957078304258416,-0.44759714185456223,-0.8274027386366944,3.0273831180888426,-1.5175108291934007
-0.3779791896444196,-0.7423685817106694,0.3076015817496493,-0.47957078304258416,-0.44759714185456223,-0.39018711550418167,-0.3303182851304563,0.6589738806223399
-0.3779791896444196,-0.7423685817106694,1.9056895143807755,-0.47957078304258416,-0.44759714185456223,0.35449046307310594,-0.3303182851304563,0.6589738806223399
0.82489075429998,1.3470397652008117,-0.5294920972476074,2.491497914268573,0.7123885203279295,0.33356522117444337,-0.3303182851304563,0.6589738806223399
-1.5808491335888193,1.3470397652008117,0.4598004324764232,-0.47957078304258416,-0.44759714185456223,3.443612411559479,-0.3303182851304563,-1.5175108291934007
-1.5808491335888193,1.3470397652008117,0.5358998578398102,-0.47957078304258416,-0.44759714185456223,1.4964238787756494,-0.3303182851304563,-1.5175108291934007
-1.5808491335888193,-0.7423685817106694,2.742783193378032,-0.47957078304258416,0.7123885203279295,1.242882599870862,-0.3303182851304563,-1.5175108291934007
0.82489075429998,-0.7423685817106694,-0.6055915226109944,-0.47957078304258416,-0.44759714185456223,-0.8891210790266412,-0.3303182851304563,0.6589738806223399
-1.5808491335888193,1.3470397652008117,-0.6055915226109944,1.5011416818315209,1.8723741825104212,2.7436349536774327,-0.3303182851304563,-1.5175108291934007
-1.5808491335888193,-0.7423685817106694,1.6773912382906147,-0.47957078304258416,0.7123885203279295,1.2328417839160393,-0.3303182851304563,-1.5175108291934007
0.82489075429998,1.3470397652008117,-1.8231823284251858,3.4818541467056257,1.8723741825104212,0.545324467131099,-0.3303182851304563,0.6589738806223399
0.82489075429998,1.3470397652008117,-0.5294920972476074,-0.47957078304258416,-0.44759714185456223,-0.6912812386812924,-0.3303182851304563,0.6589738806223399
0.82489075429998,-0.7423685817106694,-0.3011938211574465,-0.47957078304258416,-0.44759714185456223,-0.8274027386366944,3.0273831180888426,-1.5175108291934007
-1.5808491335888193,1.3470397652008117,3.579876872375289,0.5107854493944685,-0.44759714185456223,1.4918363274256767,-0.3303182851304563,0.6589738806223399
0.82489075429998,-0.7423685817106694,-0.07289554506728556,-0.47957078304258416,-0.44759714185456223,-0.8100689324946657,-0.3303182851304563,0.6589738806223399
0.82489075429998,-0.7423685817106694,-0.6816909479743812,0.5107854493944685,0.7123885203279295,-0.14681916031628292,-0.3303182851304563,-1.5175108291934007
0.82489075429998,-0.7423685817106694,-0.3011938211574465,-0.47957078304258416,-0.44759714185456223,-0.8274027386366944,3.0273831180888426,-1.5175108291934007
0.82489075429998,-0.7423685817106694,-0.6055915226109944,-0.47957078304258416,-0.44759714185456223,-0.8149855185915706,-0.3303182851304563,0.6589738806223399
0.82489075429998,1.3470397652008117,-0.5294920972476074,-0.47957078304258416,4.192345506875404,0.33356522117444337,-0.3303182851304563,0.6589738806223399
0.82489075429998,-0.7423685817106694,-0.2250943957940595,-0.47957078304258416,-0.44759714185456223,0.02850371356850541,-0.3303182851304563,-1.5175108291934007
-1.5808491335888193,1.3470397652008117,0.6880987085665841,0.5107854493944685,-0.44759714185456223,1.3874103344242643,-0.3303182851304563,-1.5175108291934007
-1.5808491335888193,-0.7423685817106694,0.15540273102287536,0.5107854493944685,-0.44759714185456223,1.0619325511935014,-0.3303182851304563,0.6589738806223399
-1.5808491335888193,-0.7423685817106694,0.992496410020132,-0.47957078304258416,-0.44759714185456223,0.351572772246252,-0.3303182851304563,0.6589738806223399
0.82489075429998,-0.7423685817106694,0.23150215638626231,-0.47957078304258416,-0.44759714185456223,1.1473347238204925,-0.3303182851304563,0.6589738806223399
0.82489075429998,-0.7423685817106694,-1.442685201608251,2.491497914268573,1.8723741825104212,0.4258212474469918,-0.3303182851304563,0.6589738806223399
-1.5808491335888193,-0.7423685817106694,0.764198133929971,0.5107854493944685,-0.44759714185456223,1.3874103344242643,-0.3303182851304563,-1.5175108291934007
0.82489075429998,1.3470397652008117,-0.5294920972476074,1.5011416818315209,-0.44759714185456223,-0.7233522977606277,-0.3303182851304563,0.6589738806223399
0.82489075429998,1.3470397652008117,-1.0621880747913162,0.5107854493944685,-0.44759714185456223,-0.2307547627188153,-0.3303182851304563,-1.5175108291934007
-1.5808491335888193,1.3470397652008117,-0.9860886494279292,-0.47957078304258416,-0.44759714185456223,1.5877998937480433,-0.3303182851304563,0.6589738806223399
0.82489075429998,1.3470397652008117,-0.6816909479743812,0.5107854493944685,-0.44759714185456223,-0.6041900687942243,-0.3303182851304563,0.6589738806223399
-0.3779791896444196,1.3470397652008117,0.2695518690679558,-0.47957078304258416,-0.44759714185456223,-0.33441161920377827,-0.3303182851304563,0.6589738806223399
-0.3779791896444196,-0.7423685817106694,-0.4533926718842204,1.5011416818315209,0.7123885203279295,-0.4532831171175722,-0.3303182851304563,0.6589738806223399
0.82489075429998,1.3470397652008117,0.4598004324764232,-0.47957078304258416,-0.44759714185456223,-0.8274027386366944,3.0273831180888426,-1.5175108291934007
-1.5808491335888193,-0.7423685817106694,-0.3011938211574465,0.5107854493944685,-0.44759714185456223,1.1279260706759662,-0.3303182851304563,-1.5175108291934007
0.82489075429998,1.3470397652008117,-1.8992817537885727,-0.47957078304258416,1.8723741825104212,0.18744508560586673,-0.3303182851304563,0.6589738806223399
0.82489075429998,-0.7423685817106694,-0.3011938211574465,-0.47957078304258416,-0.44759714185456223,-0.8274027386366944,3.0273831180888426,-1.5175108291934007
0.82489075429998,-0.7423685817106694,-0.3011938211574465,-0.47957078304258416,-0.44759714185456223,-0.8917689408700837,-0.3303182851304563,-1.5175108291934007
0.82489075429998,-0.7423685817106694,-0.3011938211574465,-0.47957078304258416,-0.44759714185456223,-0.2276508171919241,-0.3303182851304563,0.6589738806223399
-0.3779791896444196,1.3470397652008117,-0.2250943957940595,0.5107854493944685,0.7123885203279295,0.35449046307310594,-0.3303182851304563,0.6589738806223399
-1.5808491335888193,1.3470397652008117,0.5358998578398102,-0.47957078304258416,-0.44759714185456223,0.5548608327953727,-0.3303182851304563,0.6589738806223399
0.82489075429998,-0.7423685817106694,-0.7577903733377682,-0.47957078304258416,-0.44759714185456223,-0.8244101284015073,-0.3303182851304563,0.6589738806223399
0.82489075429998,-0.7423685817106694,-0.3011938211574465,-0.47957078304258416,-0.44759714185456223,-0.8516560544389479,-0.3303182851304563,0.6589738806223399
0.82489075429998,-0.7423685817106694,-0.8338897987011552,0.5107854493944685,-0.44759714185456223,-0.2307547627188153,-0.3303182851304563,-1.5175108291934007
0.82489075429998,1.3470397652008117,-0.2250943957940595,0.5107854493944685,0.7123885203279295,0.18744508560586673,-0.3303182851304563,0.6589738806223399
-0.3779791896444196,-0.7423685817106694,-0.14899497043067253,-0.47957078304258416,-0.44759714185456223,-0.33441161920377827,-0.3303182851304563,0.6589738806223399
0.82489075429998,-0.7423685817106694,-0.3011938211574465,0.5107854493944685,-0.44759714185456223,-0.2307547627188153,-0.3303182851304563,-1.5175108291934007
0.82489075429998,-0.7423685817106694,-0.3011938211574465,-0.47957078304258416,-0.44759714185456223,-0.8100689324946657,-0.3303182851304563,0.6589738806223399
0.82489075429998,1.3470397652008117,-0.5294920972476074,-0.47957078304258416,-0.44759714185456223,-0.5392207581995778,-0.3303182851304563,0.6589738806223399
0.82489075429998,-0.7423685817106694,-0.3011938211574465,-0.47957078304258416,-0.44759714185456223,-0.8100689324946657,-0.3303182851304563,0.6589738806223399
0.82489075429998,-0.7423685817106694,-0.6055915226109944,-0.47957078304258416,-0.44759714185456223,-0.7920429012602808,-0.3303182851304563,0.6589738806223399
0.82489075429998,-0.7423685817106694,-0.3011938211574465,-0.47957078304258416,-0.44759714185456223,-0.8516560544389479,-0.3303182851304563,0.6589738806223399
-1.5808491335888193,-0.7423685817106694,0.6880987085665841,-0.47957078304258416,0.7123885203279295,2.183908147549735,-0.3303182851304563,0.6589738806223399
-1.5808491335888193,1.3470397652008117,1.9056895143807755,0.5107854493944685,0.7123885203279295,1.530627134026352,-0.3303182851304563,0.6589738806223399
0.82489075429998,-0.7423685817106694,-0.3011938211574465,-0.47957078304258416,-0.44759714185456223,-0.8917689408700837,-0.3303182851304563,-1.5175108291934007
0.82489075429998,-0.7423685817106694,0.0032038802961014126,-0.47957078304258416,-0.44759714185456223,-0.6378335778935509,-0.3303182851304563,0.6589738806223399
-1.5808491335888193,-0.7423685817106694,0.992496410020132,-0.47957078304258416,-0.44759714185456223,0.4192970363868142,-0.3303182851304563,-1.5175108291934007
-1.5808491335888193,-0.7423685817106694,1.3729935368370667,-0.47957078304258416,-0.44759714185456223,0.8523264371977808,-0.3303182851304563,0.6589738806223399
0.82489075429998,1.3470397652008117,-2.051480604515347,-0.47957078304258416,0.7123885203279295,-0.38919990679514566,-0.3303182851304563,0.6589738806223399
-1.5808491335888193,-0.7423685817106694,-0.14899497043067253,-0.47957078304258416,1.8723741825104212,2.518500356810196,-0.3303182851304563,-1.5175108291934007
-1.5808491335888193,-0.7423685817106694,0.992496410020132,-0.47957078304258416,-0.44759714185456223,0.5226802320491698,-0.3303182851304563,-1.5175108291934007
0.82489075429998,-0.7423685817106694,-0.3772932465208334,-0.47957078304258416,-0.44759714185456223,-0.6361639847469676,-0.3303182851304563,0.6589738806223399
0.82489075429998,-0.7423685817106694,-0.5294920972476074,-0.47957078304258416,-0.44759714185456223,-0.8100689324946657,-0.3303182851304563,0.6589738806223399
-0.3779791896444196,1.3470397652008117,-0.3011938211574465,0.5107854493944685,0.7123885203279295,0.49939762076248945,-0.3303182851304563,0.6589738806223399
-0.3779791896444196,-0.7423685817106694,-0.3011938211574465,0.5107854493944685,1.8723741825104212,0.832299016443602,-0.3303182851304563,-1.5175108291934007
-0.3779791896444196,1.3470397652008117,1.220794686110293,0.5107854493944685,0.7123885203279295,0.3641578971839773,-0.3303182851304563,0.6589738806223399
-1.5808491335888193,1.3470397652008117,0.5358998578398102,0.5107854493944685,-0.44759714185456223,2.1356770320777363,-0.3303182851304563,-1.5175108291934007
-1.5808491335888193,1.3470397652008117,0.3076015817496493,0.5107854493944685,-0.44759714185456223,1.6289388596607592,3.0273831180888426,-1.5175108291934007
0.82489075429998,1.3470397652008117,-0.5294920972476074,-0.47957078304258416,-0.44759714185456223,-0.8239082065112544,3.0273831180888426,-1.5175108291934007
0.82489075429998,-0.7423685817106694,-0.5294920972476074,0.5107854493944685,-0.44759714185456223,-0.8891210790266412,-0.3303182851304563,0.6589738806223399
0.82489075429998,1.3470397652008117,-0.8338897987011552,-0.47957078304258416,0.7123885203279295,-0.2307547627188153,-0.3303182851304563,-1.5175108291934007
0.82489075429998,1.3470397652008117,-1.8231823284251858,1.5011416818315209,0.7123885203279295,0.05316793271342145,-0.3303182851304563,-1.5175108291934007
-1.5808491335888193,-0.7423685817106694,0.992496410020132,-0.47957078304258416,-0.44759714185456223,0.3656003578870198,-0.3303182851304563,0.6589738806223399
0.82489075429998,1.3470397652008117,0.07930330565948839,-0.47957078304258416,-0.44759714185456223,-0.8419845685380232,3.0273831180888426,-1.5175108291934007
0.82489075429998,-0.7423685817106694,-0.4533926718842204,0.5107854493944685,-0.44759714185456223,-0.26906050427685557,-0.3303182851304563,0.6589738806223399
0.82489075429998,-0.7423685817106694,-0.8338897987011552,-0.47957078304258416,-0.44759714185456223,-0.8244101284015073,-0.3303182851304563,0.6589738806223399
-0.3779791896444196,1.3470397652008117,-0.7577903733377682,-0.47957078304258416,-0.44759714185456223,0.35449046307310594,-0.3303182851304563,0.6589738806223399
0.82489075429998,-0.7423685817106694,-0.9860886494279292,0.5107854493944685,0.7123885203279295,0.10329772442545829,-0.3303182851304563,0.6589738806223399
0.82489075429998,-0.7423685817106694,-0.3011938211574465,-0.47957078304258416,-0.44759714185456223,-0.8274027386366944,3.0273831180888426,-1.5175108291934007
0.82489075429998,-0.7423685817106694,0.15540273102287536,2.491497914268573,-0.44759714185456223,-0.014094004831072392,-0.3303182851304563,0.6589738806223399
-0.3779791896444196,1.3470397652008117,0.3076015817496493,0.5107854493944685,1.8723741825104212,0.42036290463895254,-0.3303182851304563,0.6589738806223399
0.82489075429998,-0.7423685817106694,-0.6055915226109944,-0.47957078304258416,-0.44759714185456223,-0.8066315811583502,-0.3303182851304563,0.6589738806223399
0.82489075429998,-0.7423685817106694,-0.3011938211574465,-0.47957078304258416,-0.44759714185456223,-0.8274027386366944,3.0273831180888426,-1.5175108291934007
0.82489075429998,1.3470397652008117,-0.14899497043067253,-0.47957078304258416,1.8723741825104212,-0.48451428880336206,-0.3303182851304563,0.6589738806223399
0.82489075429998,-0.7423685817106694,-0.3011938211574465,-0.47957078304258416,-0.44759714185456223,1.1473347238204925,-0.3303182851304563,0.6589738806223399
0.82489075429998,1.3470397652008117,-0.5294920972476074,0.5107854493944685,-0.44759714185456223,-0.1620726410722276,3.0273831180888426,-1.5175108291934007
-0.3779791896444196,-0.7423685817106694,-1.594884052335025,-0.47957078304258416,1.8723741825104212,0.5807491644362558,-0.3303182851304563,0.6589738806223399
0.82489075429998,-0.7423685817106694,-0.5294920972476074,-0.47957078304258416,-0.44759714185456223,-0.7920429012602808,-0.3303182851304563,0.6589738806223399
0.82489075429998,-0.7423685817106694,0.23150215638626231,-0.47957078304258416,-0.44759714185456223,-0.8274027386366944,3.0273831180888426,-1.5175108291934007
0.82489075429998,-0.7423685817106694,0.6880987085665841,-0.47957078304258416,-0.44759714185456223,-0.9148624733560797,-0.3303182851304563,0.6589738806223399
-1.5808491335888193,1.3470397652008117,0.5358998578398102,0.5107854493944685,-0.44759714185456223,1.618562286364313,-0.3303182851304563,-1.5175108291934007
0.82489075429998,-0.7423685817106694,-0.2250943957940595,-0.47957078304258416,-0.44759714185456223,-0.7920429012602808,-0.3303182851304563,0.6589738806223399
0.82489075429998,-0.7423685817106694,-0.3011938211574465,-0.47957078304258416,-0.44759714185456223,-0.8274027386366944,3.0273831180888426,-1.5175108291934007
0.82489075429998,-0.7423685817106694,-2.1275800298787337,0.5107854493944685,1.8723741825104212,0.11921842620401046,-0.3303182851304563,0.6589738806223399
0.82489075429998,-0.7423685817106694,0.5358998578398102,-0.47957078304258416,-0.44759714185456223,-3.102543068023807,-0.3303182851304563,0.6589738806223399
-1.5808491335888193,-0.7423685817106694,-0.3772932465208334,-0.47957078304258416,-0.44759714185456223,1.4964238787756494,-0.3303182851304563,-1.5175108291934007
0.82489075429998,-0.7423685817106694,-0.3011938211574465,7.443279076453836,1.8723741825104212,1.3619517960233845,-0.3303182851304563,0.6589738806223399
0.82489075429998,-0.7423685817106694,-0.6055915226109944,-0.47957078304258416,-0.44759714185456223,-0.8219267672511483,-0.3303182851304563,0.6589738806223399
0.82489075429998,1.3470397652008117,-2.1275800298787337,0.5107854493944685,0.7123885203279295,-0.48451428880336206,-0.3303182851304563,0.6589738806223399
0.82489075429998,-0.7423685817106694,-0.3011938211574465,0.5107854493944685,-0.44759714185456223,0.08921986281130645,-0.3303182851304563,0.6589738806223399
0.82489075429998,-0.7423685817106694,-0.6816909479743812,-0.47957078304258416,-0.44759714185456223,-0.8066315811583502,-0.3303182851304563,0.6589738806223399
-1.5808491335888193,1.3470397652008117,1.4490929622004538,0.5107854493944685,-0.44759714185456223,1.8029879497890178,-0.3303182851304563,-1.5175108291934007
-0.3779791896444196,1.3470397652008117,0.0032038802961014126,-0.47957078304258416,1.8723741825104212,0.23094675620507135,-0.3303182851304563,0.6589738806223399
0.82489075429998,-0.7423685817106694,-1.594884052335025,3.4818541467056257,0.7123885203279295,0.46936544972508204,3.0273831180888426,-1.5175108291934007
-1.5808491335888193,1.3470397652008117,0.4598004324764232,0.5107854493944685,-0.44759714185456223,1.1699693985889155,-0.3303182851304563,-1.5175108291934007
0.82489075429998,-0.7423685817106694,0.23150215638626231,-0.47957078304258416,-0.44759714185456223,1.1473347238204925,-0.3303182851304563,0.6589738806223399
-0.3779791896444196,1.3470397652008117,-0.3772932465208334,0.5107854493944685,1.8723741825104212,1.2920242348365991,-0.3303182851304563,0.6589738806223399
0.82489075429998,-0.7423685817106694,-0.14899497043067253,-0.47957078304258416,-0.44759714185456223,-0.8100689324946657,-0.3303182851304563,0.6589738806223399
0.82489075429998,1.3470397652008117,-2.1466048862195803,1.5011416818315209,0.7123885203279295,0.05316793271342145,-0.3303182851304563,-1.5175108291934007
-1.5808491335888193,-0.7423685817106694,1.220794686110293,-0.47957078304258416,-0.44759714185456223,0.670710770767363,-0.3303182851304563,0.6589738806223399
-1.5808491335888193,-0.7423685817106694,0.992496410020132,-0.47957078304258416,-0.44759714185456223,0.5161805256186699,-0.3303182851304563,0.6589738806223399
0.82489075429998,1.3470397652008117,0.11735301834118186,-0.47957078304258416,-0.44759714185456223,-0.8274027386366944,3.0273831180888426,-1.5175108291934007
-1.5808491335888193,1.3470397652008117,1.220794686110293,0.5107854493944685,-0.44759714185456223,1.0728436313220444,-0.3303182851304563,0.6589738806223399
0.82489075429998,-0.7423685817106694,0.916396984656745,-0.47957078304258416,-0.44759714185456223,-0.815483187915406,-0.3303182851304563,0.6589738806223399
-0.3779791896444196,1.3470397652008117,1.220794686110293,-0.47957078304258416,-0.44759714185456223,-0.2976040118584918,-0.3303182851304563,0.6589738806223399
0.82489075429998,-0.7423685817106694,-1.2143869255180901,-0.47957078304258416,1.8723741825104212,0.10329772442545829,-0.3303182851304563,0.6589738806223399
0.82489075429998,-0.7423685817106694,-2.1275800298787337,3.4818541467056257,0.7123885203279295,0.7846313901760885,-0.3303182851304563,0.6589738806223399
-1.5808491335888193,-0.7423685817106694,0.992496410020132,-0.47957078304258416,-0.44759714185456223,0.49939762076248945,-0.3303182851304563,0.6589738806223399
-1.5808491335888193,1.3470397652008117,0.5358998578398102,0.5107854493944685,1.8723741825104212,1.927805641056904,-0.3303182851304563,0.6589738806223399
0.82489075429998,-0.7423685817106694,-0.3011938211574465,-0.47957078304258416,-0.44759714185456223,-0.7920429012602808,-0.3303182851304563,0.6589738806223399
-1.5808491335888193,-0.7423685817106694,0.916396984656745,-0.47957078304258416,-0.44759714185456223,0.5161805256186699,-0.3303182851304563,0.6589738806223399
-0.3779791896444196,-0.7423685817106694,0.23150215638626231,-0.47957078304258416,-0.44759714185456223,-0.540742851836958,-0.3303182851304563,0.6589738806223399
-0.3779791896444196,1.3470397652008117,-0.6816909479743812,-0.47957078304258416,-0.44759714185456223,0.7060309150754881,-0.3303182851304563,0.6589738806223399
0.82489075429998,-0.7423685817106694,-0.14899497043067253,0.5107854493944685,-0.44759714185456223,-0.2307547627188153,-0.3303182851304563,-1.5175108291934007
-1.5808491335888193,1.3470397652008117,1.8295900890173886,-0.47957078304258416,-0.44759714185456223,0.4092054007670804,-0.3303182851304563,-1.5175108291934007
-0.3779791896444196,-0.7423685817106694,0.07930330565948839,-0.47957078304258416,-0.44759714185456223,-0.35426538245465794,-0.3303182851304563,-1.5175108291934007
-0.3779791896444196,1.3470397652008117,-1.594884052335025,-0.47957078304258416,1.8723741825104212,0.3641578971839773,-0.3303182851304563,0.6589738806223399
-1.5808491335888193,-0.7423685817106694,-1.8992817537885727,-0.47957078304258416,1.8723741825104212,1.530627134026352,-0.3303182851304563,0.6589738806223399
-0.3779791896444196,1.3470397652008117,2.362286066561097,0.5107854493944685,-0.44759714185456223,0.35449046307310594,-0.3303182851304563,0.6589738806223399
0.82489075429998,1.3470397652008117,-0.5294920972476074,-0.47957078304258416,-0.44759714185456223,-0.8274027386366944,3.0273831180888426,-1.5175108291934007
0.82489075429998,-0.7423685817106694,-0.07289554506728556,-0.47957078304258416,-0.44759714185456223,-0.8100689324946657,-0.3303182851304563,0.6589738806223399
0.82489075429998,-0.7423685817106694,0.15540273102287536,-0.47957078304258416,-0.44759714185456223,-0.8294065695571002,3.0273831180888426,-1.5175108291934007
-0.3779791896444196,1.3470397652008117,0.0032038802961014126,0.5107854493944685,-0.44759714185456223,0.35449046307310594,-0.3303182851304563,0.6589738806223399
-0.3779791896444196,-0.7423685817106694,0.04125359297779489,-0.47957078304258416,-0.44759714185456223,-0.33441161920377827,-0.3303182851304563,0.6589738806223399
0.82489075429998,-0.7423685817106694,-0.4153429592025269,-0.47957078304258416,-0.44759714185456223,-0.8917689408700837,-0.3303182851304563,-1.5175108291934007
-1.5808491335888193,-0.7423685817106694,0.0032038802961014126,-0.47957078304258416,-0.44759714185456223,0.49939762076248945,-0.3303182851304563,0.6589738806223399
-0.3779791896444196,-0.7423685817106694,-0.4533926718842204,-0.47957078304258416,-0.44759714185456223,-0.19135110283862386,-0.3303182851304563,-1.5175108291934007
-0.3779791896444196,-0.7423685817106694,-0.3011938211574465,-0.47957078304258416,-0.44759714185456223,-0.540742851836958,-0.3303182851304563,0.6589738806223399
0.82489075429998,-0.7423685817106694,-0.3011938211574465,-0.47957078304258416,-0.44759714185456223,-0.8100689324946657,-0.3303182851304563,0.6589738806223399
0.82489075429998,-0.7423685817106694,-0.3011938211574465,-0.47957078304258416,-0.44759714185456223,-0.8923044173605303,-0.3303182851304563,-1.5175108291934007
0.82489075429998,-0.7423685817106694,-1.0621880747913162,0.5107854493944685,0.7123885203279295,-0.8917689408700837,-0.3303182851304563,-1.5175108291934007
0.82489075429998,1.3470397652008117,-0.3772932465208334,0.5107854493944685,-0.44759714185456223,-0.1400557480841277,-0.3303182851304563,0.6589738806223399
0.82489075429998,-0.7423685817106694,-0.3011938211574465,-0.47957078304258416,-0.44759714185456223,-0.8891210790266412,-0.3303182851304563,0.6589738806223399
-1.5808491335888193,1.3470397652008117,0.07930330565948839,-0.47957078304258416,-0.44759714185456223,0.5326991217482606,-0.3303182851304563,-1.5175108291934007
0.82489075429998,-0.7423685817106694,-0.3011938211574465,-0.47957078304258416,-0.44759714185456223,-0.7920429012602808,-0.3303182851304563,0.6589738806223399
-0.3779791896444196,-0.7423685817106694,2.1339877904709366,-0.47957078304258416,-0.44759714185456223,-0.3842777524040262,3.0273831180888426,-1.5175108291934007
-0.3779791896444196,-0.7423685817106694,-0.07289554506728556,-0.47957078304258416,-0.44759714185456223,-0.540742851836958,-0.3303182851304563,0.6589738806223399
-0.3779791896444196,1.3470397652008117,2.1339877904709366,-0.47957078304258416,-0.44759714185456223,-0.540742851836958,-0.3303182851304563,0.6589738806223399
0.82489075429998,-0.7423685817106694,-0.3772932465208334,-0.47957078304258416,-0.44759714185456223,-0.7920429012602808,-0.3303182851304563,0.6589738806223399
0.82489075429998,-0.7423685817106694,-0.9099892240645422,0.5107854493944685,0.7123885203279295,-0.8917689408700837,-0.3303182851304563,-1.5175108291934007
0.82489075429998,-0.7423685817106694,0.0032038802961014126,-0.47957078304258416,-0.44759714185456223,-0.8274027386366944,3.0273831180888426,-1.5175108291934007
0.82489075429998,-0.7423685817106694,-0.3011938211574465,-0.47957078304258416,-0.44759714185456223,-0.8283981761085893,3.0273831180888426,-1.5175108291934007
-0.3779791896444196,1.3470397652008117,1.6012918129272278,-0.47957078304258416,0.7123885203279295,0.35449046307310594,-0.3303182851304563,0.6589738806223399
-1.5808491335888193,-0.7423685817106694,1.5251923875638407,0.5107854493944685,0.7123885203279295,1.8456401989684799,-0.3303182851304563,-1.5175108291934007
0.82489075429998,1.3470397652008117,-0.2250943957940595,-0.47957078304258416,1.8723741825104212,-0.2778971966083802,-0.3303182851304563,0.6589738806223399
-1.5808491335888193,1.3470397652008117,1.9056895143807755,0.5107854493944685,-0.44759714185456223,1.484145978605786,-0.3303182851304563,-1.5175108291934007
-1.5808491335888193,-0.7423685817106694,-0.07289554506728556,-0.47957078304258416,-0.44759714185456223,0.37564241894950545,-0.3303182851304563,0.6589738806223399
0.82489075429998,-0.7423685817106694,0.23150215638626231,0.5107854493944685,-0.44759714185456223,-0.1400557480841277,-0.3303182851304563,0.6589738806223399
0.82489075429998,-0.7423685817106694,-0.3011938211574465,-0.47957078304258416,-0.44759714185456223,-0.8485935437205253,-0.3303182851304563,0.6589738806223399
0.82489075429998,-0.7423685817106694,3.1613300328766605,-0.47957078304258416,-0.44759714185456223,-0.8274027386366944,3.0273831180888426,-1.5175108291934007
-1.5808491335888193,-0.7423685817106694,-0.5294920972476074,-0.47957078304258416,-0.44759714185456223,2.055258751608096,-0.3303182851304563,-1.5175108291934007
-0.3779791896444196,-0.7423685817106694,0.5358998578398102,-0.47957078304258416,-0.44759714185456223,-0.540742851836958,-0.3303182851304563,0.6589738806223399
-1.5808491335888193,1.3470397652008117,1.6773912382906147,-0.47957078304258416,0.7123885203279295,0.7771934336051145,-0.3303182851304563,0.6589738806223399
-1.5808491335888193,-0.7423685817106694,0.992496410020132,0.5107854493944685,-0.44759714185456223,1.0728436313220444,-0.3303182851304563,0.6589738806223399
-1.5808491335888193,-0.7423685817106694,-0.14899497043067253,-0.47957078304258416,-0.44759714185456223,1.4636008635081237,-0.3303182851304563,-1.5175108291934007
-1.5808491335888193,-0.7423685817106694,0.992496410020132,-0.47957078304258416,-0.44759714185456223,1.0619325511935014,-0.3303182851304563,0.6589738806223399
0.82489075429998,-0.7423685817106694,-1.8992817537885727,2.491497914268573,1.8723741825104212,0.4258212474469918,-0.3303182851304563,0.6589738806223399
0.82489075429998,1.3470397652008117,0.5358998578398102,0.5107854493944685,-0.44759714185456223,-0.047751732404041354,-0.3303182851304563,0.6589738806223399
-0.3779791896444196,-0.7423685817106694,0.840297559293358,0.5107854493944685,-0.44759714185456223,0.35449046307310594,-0.3303182851304563,0.6589738806223399
0.82489075429998,1.3470397652008117,1.220794686110293,-0.47957078304258416,-0.44759714185456223,-0.8274027386366944,-0.3303182851304563,0.6589738806223399
0.82489075429998,-0.7423685817106694,-0.07289554506728556,-0.47957078304258416,-0.44759714185456223,1.1473347238204925,-0.3303182851304563,0.6589738806223399
0.82489075429998,-0.7423685817106694,-0.5294920972476074,-0.47957078304258416,-0.44759714185456223,-0.8917689408700837,-0.3303182851304563,-1.5175108291934007
0.82489075429998,1.3470397652008117,-0.6055915226109944,-0.47957078304258416,-0.44759714185456223,-0.8394592986878874,-0.3303182851304563,0.6589738806223399
0.82489075429998,-0.7423685817106694,0.23150215638626231,-0.47957078304258416,-0.44759714185456223,-0.7564349614219681,-0.3303182851304563,0.6589738806223399
-0.3779791896444196,-0.7423685817106694,-0.2250943957940595,-0.47957078304258416,-0.44759714185456223,-0.33441161920377827,-0.3303182851304563,0.6589738806223399
0.82489075429998,-0.7423685817106694,-0.3772932465208334,-0.47957078304258416,-0.44759714185456223,-0.7233522977606277,-0.3303182851304563,0.6589738806223399
-0.3779791896444196,1.3470397652008117,-0.07289554506728556,-0.47957078304258416,-0.44759714185456223,-0.3842777524040262,3.0273831180888426,-1.5175108291934007
-0.3779791896444196,-0.7423685817106694,-0.07289554506728556,-0.47957078304258416,-0.44759714185456223,0.35449046307310594,-0.3303182851304563,0.6589738806223399
0.82489075429998,-0.7423685817106694,-0.3011938211574465,-0.47957078304258416,-0.44759714185456223,-0.8274027386366944,3.0273831180888426,-1.5175108291934007
-1.5808491335888193,-0.7423685817106694,0.5358998578398102,-0.47957078304258416,-0.44759714185456223,0.3694372498688386,-0.3303182851304563,0.6589738806223399
0.82489075429998,-0.7423685817106694,0.840297559293358,-0.47957078304258416,-0.44759714185456223,-0.8923044173605303,-0.3303182851304563,-1.5175108291934007
-0.3779791896444196,1.3470397652008117,0.4598004324764232,-0.47957078304258416,-0.44759714185456223,0.13967972447096214,-0.3303182851304563,0.6589738806223399
-0.3779791896444196,-0.7423685817106694,0.764198133929971,-0.47957078304258416,-0.44759714185456223,-0.33441161920377827,-0.3303182851304563,0.6589738806223399
0.82489075429998,1.3470397652008117,-0.3772932465208334,-0.47957078304258416,-0.44759714185456223,-0.8274027386366944,3.0273831180888426,-1.5175108291934007
-0.3779791896444196,-0.7423685817106694,0.992496410020132,0.5107854493944685,0.7123885203279295,0.5807491644362558,-0.3303182851304563,0.6589738806223399
0.82489075429998,-0.7423685817106694,-0.3011938211574465,-0.47957078304258416,-0.44759714185456223,-0.8923044173605303,-0.3303182851304563,-1.5175108291934007
-0.3779791896444196,1.3470397652008117,0.840297559293358,-0.47957078304258416,-0.44759714185456223,-0.14629927351815777,-0.3303182851304563,0.6589738806223399
-1.5808491335888193,-0.7423685817106694,1.2968941114736798,-0.47957078304258416,-0.44759714185456223,1.4964238787756494,-0.3303182851304563,-1.5175108291934007
0.82489075429998,-0.7423685817106694,-0.9099892240645422,-0.47957078304258416,-0.44759714185456223,-0.7233522977606277,-0.3303182851304563,0.6589738806223399
-0.3779791896444196,1.3470397652008117,0.992496410020132,0.5107854493944685,-0.44759714185456223,0.35449046307310594,-0.3303182851304563,0.6589738806223399
0.82489075429998,-0.7423685817106694,-0.3011938211574465,0.5107854493944685,-0.44759714185456223,-0.1246076164845343,-0.3303182851304563,0.6589738806223399
-1.5808491335888193,1.3470397652008117,-0.9860886494279292,-0.47957078304258416,0.7123885203279295,0.7771934336051145,-0.3303182851304563,0.6589738806223399
0.82489075429998,1.3470397652008117,-1.9753811791519598,2.491497914268573,0.7123885203279295,0.1432494698651654,-0.3303182851304563,0.6589738806223399
0.82489075429998,1.3470397652008117,0.764198133929971,-0.47957078304258416,5.352331169057896,0.46936544972508204,3.0273831180888426,-1.5175108291934007
-1.5808491335888193,1.3470397652008117,1.4490929622004538,0.5107854493944685,0.7123885203279295,1.4964238787756494,-0.3303182851304563,-1.5175108291934007
-0.3779791896444196,1.3470397652008117,0.5358998578398102,-0.47957078304258416,3.032359844692913,0.7667564402697575,-0.3303182851304563,0.6589738806223399
-1.5808491335888193,-0.7423685817106694,0.5358998578398102,-0.47957078304258416,-0.44759714185456223,0.3656003578870198,-0.3303182851304563,0.6589738806223399
0.82489075429998,-0.7423685817106694,-1.138287500154703,-0.47957078304258416,-0.44759714185456223,-0.6640015677574649,-0.3303182851304563,0.6589738806223399
-0.3779791896444196,-0.7423685817106694,0.23150215638626231,-0.47957078304258416,-0.44759714185456223,-0.33441161920377827,-0.3303182851304563,0.6589738806223399
0.82489075429998,-0.7423685817106694,-0.7577903733377682,-0.47957078304258416,-0.44759714185456223,-0.8100689324946657,-0.3303182851304563,0.6589738806223399
0.82489075429998,1.3470397652008117,0.0032038802961014126,0.5107854493944685,0.7123885203279295,-0.5441687966657236,-0.3303182851304563,0.6589738806223399
0.82489075429998,1.3470397652008117,-0.6816909479743812,-0.47957078304258416,-0.44759714185456223,-0.8149855185915706,-0.3303182851304563,0.6589738806223399
-1.5808491335888193,-0.7423685817106694,-0.9099892240645422,-0.47957078304258416,-0.44759714185456223,0.960178148487297,-0.3303182851304563,0.6589738806223399
0.82489075429998,1.3470397652008117,-0.5294920972476074,7.443279076453836,1.8723741825104212,1.3619517960233845,-0.3303182851304563,0.6589738806223399
-1.5808491335888193,1.3470397652008117,1.3729935368370667,0.5107854493944685,-0.44759714185456223,1.2294025189916888,-0.3303182851304563,0.6589738806223399
0.82489075429998,-0.7423685817106694,-0.8338897987011552,-0.47957078304258416,-0.44759714185456223,-0.7634605012566104,-0.3303182851304563,0.6589738806223399
0.82489075429998,-0.7423685817106694,-0.3011938211574465,-0.47957078304258416,-0.44759714185456223,-0.9148624733560797,-0.3303182851304563,0.6589738806223399
-1.5808491335888193,1.3470397652008117,-0.3772932465208334,-0.47957078304258416,-0.44759714185456223,1.3582282948610802,-0.3303182851304563,-1.5175108291934007
-0.3779791896444196,-0.7423685817106694,-0.14899497043067253,-0.47957078304258416,-0.44759714185456223,-0.19216854256496482,-0.3303182851304563,-1.5175108291934007
-0.3779791896444196,1.3470397652008117,0.07930330565948839,-0.47957078304258416,-0.44759714185456223,-0.33441161920377827,-0.3303182851304563,0.6589738806223399
0.82489075429998,1.3470397652008117,-0.2250943957940595,-0.47957078304258416,-0.44759714185456223,-0.8066315811583502,-0.3303182851304563,0.6589738806223399
-0.3779791896444196,-0.7423685817106694,0.764198133929971,-0.47957078304258416,-0.44759714185456223,0.35449046307310594,-0.3303182851304563,0.6589738806223399
-1.5808491335888193,-0.7423685817106694,1.6012918129272278,1.5011416818315209,-0.44759714185456223,2.039921732098345,-0.3303182851304563,0.6589738806223399
0.82489075429998,-0.7423685817106694,-0.2250943957940595,-0.47957078304258416,-0.44759714185456223,-0.8244101284015073,-0.3303182851304563,0.6589738806223399
-1.5808491335888193,-0.7423685817106694,3.199379745558354,-0.47957078304258416,-0.44759714185456223,0.6461187714384727,-0.3303182851304563,-1.5175108291934007
-1.5808491335888193,1.3470397652008117,-0.8338897987011552,0.5107854493944685,-0.44759714185456223,2.5947598563795435,-0.3303182851304563,-1.5175108291934007
-0.3779791896444196,-0.7423685817106694,2.5144849172878714,-0.47957078304258416,-0.44759714185456223,-0.540742851836958,-0.3303182851304563,0.6589738806223399
-1.5808491335888193,1.3470397652008117,2.362286066561097,0.5107854493944685,-0.44759714185456223,1.4434475676907037,-0.3303182851304563,-1.5175108291934007
-1.5808491335888193,-0.7423685817106694,2.362286066561097,-0.47957078304258416,-0.44759714185456223,0.37564241894950545,-0.3303182851304563,0.6589738806223399
0.82489075429998,-0.7423685817106694,0.38370100711303623,-0.47957078304258416,-0.44759714185456223,-0.7920429012602808,-0.3303182851304563,0.6589738806223399
-1.5808491335888193,1.3470397652008117,-0.3772932465208334,-0.47957078304258416,-0.44759714185456223,1.5469561632053046,-0.3303182851304563,-1.5175108291934007
0.82489075429998,1.3470397652008117,0.0032038802961014126,-0.47957078304258416,1.8723741825104212,-0.1783579704035197,-0.3303182851304563,-1.5175108291934007
-1.5808491335888193,1.3470397652008117,0.4598004324764232,-0.47957078304258416,-0.44759714185456223,2.518500356810196,-0.3303182851304563,-1.5175108291934007
0.82489075429998,1.3470397652008117,1.220794686110293,0.5107854493944685,4.192345506875404,0.4258212474469918,-0.3303182851304563,0.6589738806223399
-1.5808491335888193,-0.7423685817106694,0.992496410020132,-0.47957078304258416,-0.44759714185456223,0.37564241894950545,-0.3303182851304563,0.6589738806223399
-1.5808491335888193,-0.7423685817106694,0.07930330565948839,-0.47957078304258416,-0.44759714185456223,0.42036290463895254,-0.3303182851304563,-1.5175108291934007
0.82489075429998,1.3470397652008117,1.220794686110293,-0.47957078304258416,0.7123885203279295,-0.2307547627188153,-0.3303182851304563,-1.5175108291934007
0.82489075429998,1.3470397652008117,-0.5294920972476074,-0.47957078304258416,-0.44759714185456223,-0.8294065695571002,3.0273831180888426,-1.5175108291934007
-0.3779791896444196,-0.7423685817106694,-0.3011938211574465,-0.47957078304258416,-0.44759714185456223,-0.540742851836958,-0.3303182851304563,0.6589738806223399
-0.3779791896444196,-0.7423685817106694,-2.051480604515347,0.5107854493944685,0.7123885203279295,0.23094675620507135,-0.3303182851304563,0.6589738806223399
0.82489075429998,-0.7423685817106694,-0.6816909479743812,0.5107854493944685,-0.44759714185456223,-0.8066315811583502,-0.3303182851304563,0.6589738806223399
0.82489075429998,-0.7423685817106694,0.0032038802961014126,-0.47957078304258416,-0.44759714185456223,-0.8100689324946657,-0.3303182851304563,-1.5175108291934007
0.82489075429998,1.3470397652008117,0.07930330565948839,-0.47957078304258416,-0.44759714185456223,-0.927974008780012,3.0273831180888426,-1.5175108291934007
-0.3779791896444196,1.3470397652008117,-0.07289554506728556,-0.47957078304258416,-0.44759714185456223,0.5962888438583749,-0.3303182851304563,0.6589738806223399
0.82489075429998,-0.7423685817106694,0.3076015817496493,-0.47957078304258416,-0.44759714185456223,-0.8149855185915706,-0.3303182851304563,0.6589738806223399
-1.5808491335888193,-0.7423685817106694,-0.07289554506728556,-0.47957078304258416,-0.44759714185456223,0.670710770767363,-0.3303182851304563,0.6589738806223399
0.82489075429998,1.3470397652008117,-0.5294920972476074,0.5107854493944685,-0.44759714185456223,-0.2307547627188153,-0.3303182851304563,-1.5175108291934007
-1.5808491335888193,-0.7423685817106694,1.6012918129272278,0.5107854493944685,0.7123885203279295,2.518500356810196,-0.3303182851304563,-1.5175108291934007
-1.5808491335888193,-0.7423685817106694,0.992496410020132,-0.47957078304258416,-0.44759714185456223,0.5326991217482606,-0.3303182851304563,0.6589738806223399
0.82489075429998,-0.7423685817106694,0.0032038802961014126,-0.47957078304258416,-0.44759714185456223,-0.8125243448365141,-0.3303182851304563,0.6589738806223399
0.82489075429998,-0.7423685817106694,-0.3772932465208334,-0.47957078304258416,-0.44759714185456223,-0.8583264446734006,-0.3303182851304563,0.6589738806223399
-1.5808491335888193,-0.7423685817106694,1.3729935368370667,-0.47957078304258416,-0.44759714185456223,0.7535624401910462,-0.3303182851304563,0.6589738806223399
-0.3779791896444196,-0.7423685817106694,-0.4533926718842204,0.5107854493944685,-0.44759714185456223,-0.540742851836958,-0.3303182851304563,0.6589738806223399
0.82489075429998,-0.7423685817106694,-1.6709834776984118,3.4818541467056257,0.7123885203279295,0.7846313901760885,-0.3303182851304563,0.6589738806223399
0.82489075429998,1.3470397652008117,0.15540273102287536,0.5107854493944685,-0.44759714185456223,-0.014094004831072392,-0.3303182851304563,0.6589738806223399
0.82489075429998,1.3470397652008117,0.0032038802961014126,-0.47957078304258416,-0.44759714185456223,-0.8066315811583502,-0.3303182851304563,0.6589738806223399
0.82489075429998,-0.7423685817106694,-0.14899497043067253,-0.47957078304258416,-0.44759714185456223,-0.7233522977606277,-0.3303182851304563,0.6589738806223399
-0.3779791896444196,-0.7423685817106694,2.8188826187414193,-0.47957078304258416,-0.44759714185456223,-0.540742851836958,-0.3303182851304563,0.6589738806223399
0.82489075429998,-0.7423685817106694,0.23150215638626231,-0.47957078304258416,-0.44759714185456223,-0.8149855185915706,-0.3303182851304563,0.6589738806223399
0.82489075429998,-0.7423685817106694,-0.07289554506728556,-0.47957078304258416,-0.44759714185456223,-0.8149855185915706,-0.3303182851304563,0.6589738806223399
0.82489075429998,-0.7423685817106694,-1.5187846269716379,-0.47957078304258416,1.8723741825104212,0.11678476113099578,-0.3303182851304563,0.6589738806223399
-0.3779791896444196,-0.7423685817106694,-0.7958400860194618,-0.47957078304258416,-0.44759714185456223,-0.33441161920377827,-0.3303182851304563,0.6589738806223399
-0.3779791896444196,1.3470397652008117,-0.3772932465208334,0.5107854493944685,0.7123885203279295,0.7130703587838535,-0.3303182851304563,-1.5175108291934007
0.82489075429998,-0.7423685817106694,-1.7470829030617987,0.5107854493944685,0.7123885203279295,-0.1783579704035197,-0.3303182851304563,-1.5175108291934007
-0.3779791896444196,-0.7423685817106694,1.9056895143807755,-0.47957078304258416,-0.44759714185456223,-0.2620443632278453,-0.3303182851304563,0.6589738806223399
-1.5808491335888193,1.3470397652008117,1.6012918129272278,-0.47957078304258416,0.7123885203279295,2.6827433342833267,-0.3303182851304563,-1.5175108291934007
-0.3779791896444196,1.3470397652008117,-0.07289554506728556,0.5107854493944685,-0.44759714185456223,0.35449046307310594,-0.3303182851304563,0.6589738806223399
-1.5808491335888193,1.3470397652008117,0.764198133929971,-0.47957078304258416,-0.44759714185456223,2.5176979429488964,-0.3303182851304563,0.6589738806223399
0.82489075429998,-0.7423685817106694,0.15540273102287536,-0.47957078304258416,-0.44759714185456223,-0.8066315811583502,-0.3303182851304563,0.6589738806223399
0.82489075429998,-0.7423685817106694,-1.5187846269716379,4.472210379142679,1.8723741825104212,0.9558076872646055,-0.3303182851304563,0.6589738806223399
0.82489075429998,-0.7423685817106694,-0.3011938211574465,-0.47957078304258416,-0.44759714185456223,-0.8274027386366944,3.0273831180888426,-1.5175108291934007
0.82489075429998,1.3470397652008117,-0.6055915226109944,1.5011416818315209,1.8723741825104212,0.6378726712364107,-0.3303182851304563,0.6589738806223399
0.82489075429998,-0.7423685817106694,-0.9860886494279292,3.4818541467056257,0.7123885203279295,0.7846313901760885,-0.3303182851304563,0.6589738806223399
0.82489075429998,-0.7423685817106694,0.38370100711303623,-0.47957078304258416,-0.44759714185456223,-0.9896803548511619,-0.3303182851304563,0.6589738806223399
-0.3779791896444196,-0.7423685817106694,0.04125359297779489,-0.47957078304258416,-0.44759714185456223,-3.102543068023807,-0.3303182851304563,0.6589738806223399
0.82489075429998,-0.7423685817106694,-0.07289554506728556,-0.47957078304258416,-0.44759714185456223,0.20997890981607994,-0.3303182851304563,0.6589738806223399
0.82489075429998,-0.7423685817106694,-0.3011938211574465,-0.47957078304258416,-0.44759714185456223,-0.8100689324946657,-0.3303182851304563,0.6589738806223399
-1.5808491335888193,1.3470397652008117,-0.14899497043067253,0.5107854493944685,1.8723741825104212,1.0619325511935014,-0.3303182851304563,0.6589738806223399
0.82489075429998,-0.7423685817106694,-0.7577903733377682,-0.47957078304258416,-0.44759714185456223,-0.7920429012602808,-0.3303182851304563,0.6589738806223399
0.82489075429998,-0.7423685817106694,-0.3011938211574465,-0.47957078304258416,-0.44759714185456223,-0.8274027386366944,3.0273831180888426,-1.5175108291934007
0.82489075429998,1.3470397652008117,-0.5294920972476074,-0.47957078304258416,-0.44759714185456223,-0.8419845685380232,3.0273831180888426,-1.5175108291934007
0.82489075429998,1.3470397652008117,-0.07289554506728556,-0.47957078304258416,-0.44759714185456223,-0.8100689324946657,-0.3303182851304563,0.6589738806223399
0.82489075429998,1.3470397652008117,-2.051480604515347,3.4818541467056257,1.8723741825104212,0.5416746731592467,-0.3303182851304563,0.6589738806223399
-1.5808491335888193,-0.7423685817106694,-0.9099892240645422,-0.47957078304258416,1.8723741825104212,1.8456401989684799,-0.3303182851304563,-1.5175108291934007
-1.5808491335888193,1.3470397652008117,0.0032038802961014126,-0.47957078304258416,-0.44759714185456223,2.568049943161679,-0.3303182851304563,0.6589738806223399
-1.5808491335888193,1.3470397652008117,1.9056895143807755,0.5107854493944685,-0.44759714185456223,1.1990220345084048,-0.3303182851304563,-1.5175108291934007
-1.5808491335888193,1.3470397652008117,2.2100872158343234,-0.47957078304258416,0.7123885203279295,2.183908147549735,-0.3303182851304563,0.6589738806223399
-0.3779791896444196,1.3470397652008117,-1.7470829030617987,-0.47957078304258416,0.7123885203279295,0.5962888438583749,-0.3303182851304563,0.6589738806223399
-1.5808491335888193,1.3470397652008117,0.764198133929971,0.5107854493944685,0.7123885203279295,1.5469561632053046,-0.3303182851304563,-1.5175108291934007
-0.3779791896444196,1.3470397652008117,0.38370100711303623,-0.47957078304258416,-0.44759714185456223,-0.33441161920377827,-0.3303182851304563,0.6589738806223399
-1.5808491335888193,-0.7423685817106694,2.5144849172878714,-0.47957078304258416,-0.44759714185456223,0.37564241894950545,-0.3303182851304563,0.6589738806223399
0.82489075429998,-0.7423685817106694,-0.3011938211574465,-0.47957078304258416,-0.44759714185456223,-0.8100689324946657,-0.3303182851304563,0.6589738806223399
0.82489075429998,1.3470397652008117,-1.594884052335025,2.491497914268573,0.7123885203279295,0.1432494698651654,-0.3303182851304563,0.6589738806223399
0.82489075429998,1.3470397652008117,-1.9753811791519598,0.5107854493944685,0.7123885203279295,-0.2778971966083802,-0.3303182851304563,0.6589738806223399
0.82489075429998,-0.7423685817106694,-0.9860886494279292,1.5011416818315209,-0.44759714185456223,-0.014094004831072392,-0.3303182851304563,0.6589738806223399
-1.5808491335888193,1.3470397652008117,1.068595835383519,0.5107854493944685,-0.44759714185456223,1.1279260706759662,-0.3303182851304563,-1.5175108291934007
-1.5808491335888193,-0.7423685817106694,-1.3665857762448639,0.5107854493944685,1.8723741825104212,1.927805641056904,-0.3303182851304563,0.6589738806223399
0.82489075429998,-0.7423685817106694,-2.1717176965894978,-0.47957078304258416,0.7123885203279295,-0.7393001896352702,-0.3303182851304563,-1.5175108291934007
-0.3779791896444196,-0.7423685817106694,-0.8338897987011552,-0.47957078304258416,-0.44759714185456223,1.4190936901534685,-0.3303182851304563,0.6589738806223399
0.82489075429998,-0.7423685817106694,-0.8338897987011552,-0.47957078304258416,-0.44759714185456223,-0.8274027386366944,-0.3303182851304563,0.6589738806223399
0.82489075429998,-0.7423685817106694,-0.3772932465208334,-0.47957078304258416,-0.44759714185456223,-0.6537931253698416,-0.3303182851304563,0.6589738806223399
-0.3779791896444196,1.3470397652008117,-0.5294920972476074,0.5107854493944685,1.8723741825104212,0.832299016443602,-0.3303182851304563,-1.5175108291934007
0.82489075429998,-0.7423685817106694,0.4598004324764232,-0.47957078304258416,-0.44759714185456223,-0.7920429012602808,-0.3303182851304563,0.6589738806223399
0.82489075429998,1.3470397652008117,0.6119992832031972,-0.47957078304258416,-0.44759714185456223,-0.6274592943254591,-0.3303182851304563,0.6589738806223399
-1.5808491335888193,1.3470397652008117,0.23150215638626231,-0.47957078304258416,-0.44759714185456223,1.457680384620217,-0.3303182851304563,-1.5175108291934007
0.82489075429998,-0.7423685817106694,1.4490929622004538,-0.47957078304258416,-0.44759714185456223,-0.8149855185915706,-0.3303182851304563,0.6589738806223399
-0.3779791896444196,-0.7423685817106694,0.6880987085665841,0.5107854493944685,-0.44759714185456223,0.13967972447096214,-0.3303182851304563,0.6589738806223399
0.82489075429998,-0.7423685817106694,-0.3011938211574465,-0.47957078304258416,-0.44759714185456223,-0.6361639847469676,-0.3303182851304563,0.6589738806223399
-0.3779791896444196,-0.7423685817106694,-1.594884052335025,0.5107854493944685,0.7123885203279295,0.7060309150754881,-0.3303182851304563,0.6589738806223399
-0.3779791896444196,-0.7423685817106694,0.840297559293358,-0.47957078304258416,-0.44759714185456223,-0.13075959409603866,-0.3303182851304563,0.6589738806223399
-1.5808491335888193,-0.7423685817106694,0.0032038802961014126,0.5107854493944685,-0.44759714185456223,1.317149009138185,-0.3303182851304563,0.6589738806223399
0.82489075429998,-0.7423685817106694,-0.5294920972476074,-0.47957078304258416,-0.44759714185456223,-0.8923044173605303,-0.3303182851304563,-1.5175108291934007
-1.5808491335888193,1.3470397652008117,1.1446952607469059,-0.47957078304258416,-0.44759714185456223,0.4192970363868142,-0.3303182851304563,-1.5175108291934007
-1.5808491335888193,-0.7423685817106694,1.1446952607469059,1.5011416818315209,-0.44759714185456223,1.6289388596607592,3.0273831180888426,-1.5175108291934007
0.82489075429998,1.3470397652008117,-0.5294920972476074,0.5107854493944685,-0.44759714185456223,-0.1246076164845343,-0.3303182851304563,0.6589738806223399
-1.5808491335888193,1.3470397652008117,0.07930330565948839,-0.47957078304258416,-0.44759714185456223,1.5877998937480433,-0.3303182851304563,0.6589738806223399
0.82489075429998,-0.7423685817106694,-0.9860886494279292,-0.47957078304258416,-0.44759714185456223,-0.8244101284015073,-0.3303182851304563,0.6589738806223399
0.82489075429998,1.3470397652008117,-0.5294920972476074,0.5107854493944685,-0.44759714185456223,-0.26906050427685557,-0.3303182851304563,0.6589738806223399
-1.5808491335888193,-0.7423685817106694,-1.7470829030617987,-0.47957078304258416,1.8723741825104212,2.0465223298528725,-0.3303182851304563,-1.5175108291934007
-0.3779791896444196,-0.7423685817106694,-0.07289554506728556,-0.47957078304258416,-0.44759714185456223,-0.33441161920377827,-0.3303182851304563,0.6589738806223399
-1.5808491335888193,1.3470397652008117,-2.051480604515347,0.5107854493944685,1.8723741825104212,2.1708398539274696,-0.3303182851304563,0.6589738806223399
0.82489075429998,-0.7423685817106694,0.38370100711303623,-0.47957078304258416,-0.44759714185456223,-0.7920429012602808,-0.3303182851304563,0.6589738806223399
0.82489075429998,1.3470397652008117,-0.5294920972476074,-0.47957078304258416,-0.44759714185456223,-0.8274027386366944,3.0273831180888426,-1.5175108291934007
0.82489075429998,-0.7423685817106694,-0.14899497043067253,-0.47957078304258416,-0.44759714185456223,-0.8219267672511483,-0.3303182851304563,0.6589738806223399
-0.3779791896444196,-0.7423685817106694,0.916396984656745,-0.47957078304258416,-0.44759714185456223,-0.19135110283862386,-0.3303182851304563,-1.5175108291934007
0.82489075429998,-0.7423685817106694,-0.3011938211574465,-0.47957078304258416,-0.44759714185456223,-0.7920429012602808,-0.3303182851304563,0.6589738806223399
0.82489075429998,-0.7423685817106694,0.0032038802961014126,-0.47957078304258416,-0.44759714185456223,-0.6361639847469676,-0.3303182851304563,0.6589738806223399
0.82489075429998,-0.7423685817106694,-0.9860886494279292,-0.47957078304258416,-0.44759714185456223,-0.7920429012602808,-0.3303182851304563,0.6589738806223399
0.82489075429998,-0.7423685817106694,0.5358998578398102,-0.47957078304258416,-0.44759714185456223,-0.8100689324946657,-0.3303182851304563,0.6589738806223399
0.82489075429998,-0.7423685817106694,0.0032038802961014126,-0.47957078304258416,-0.44759714185456223,-0.8149855185915706,-0.3303182851304563,0.6589738806223399
0.82489075429998,-0.7423685817106694,-0.7577903733377682,-0.47957078304258416,-0.44759714185456223,-0.7795652725586382,-0.3303182851304563,0.6589738806223399
0.82489075429998,-0.7423685817106694,-0.3011938211574465,0.5107854493944685,-0.44759714185456223,-0.1620726410722276,3.0273831180888426,-1.5175108291934007
0.82489075429998,1.3470397652008117,-0.7577903733377682,0.5107854493944685,0.7123885203279295,-0.14681916031628292,-0.3303182851304563,-1.5175108291934007
0.82489075429998,-0.7423685817106694,-0.3011938211574465,7.443279076453836,1.8723741825104212,1.3619517960233845,-0.3303182851304563,0.6589738806223399
-1.5808491335888193,-0.7423685817106694,1.2968941114736798,-0.47957078304258416,-0.44759714185456223,1.443333385132981,-0.3303182851304563,-1.5175108291934007
0.82489075429998,1.3470397652008117,-0.8338897987011552,1.5011416818315209,-0.44759714185456223,-0.014094004831072392,-0.3303182851304563,0.6589738806223399
0.82489075429998,-0.7423685817106694,-0.6055915226109944,-0.47957078304258416,-0.44759714185456223,-0.8066315811583502,-0.3303182851304563,0.6589738806223399
0.82489075429998,1.3470397652008117,-0.9860886494279292,-0.47957078304258416,-0.44759714185456223,-0.8274027386366944,3.0273831180888426,-1.5175108291934007
0.82489075429998,-0.7423685817106694,-0.8338897987011552,0.5107854493944685,-0.44759714185456223,-0.9896803548511619,-0.3303182851304563,0.6589738806223399
0.82489075429998,-0.7423685817106694,-0.3011938211574465,-0.47957078304258416,-0.44759714185456223,-0.8917689408700837,-0.3303182851304563,-1.5175108291934007
-1.5808491335888193,-0.7423685817106694,1.4490929622004538,0.5107854493944685,-0.44759714185456223,1.0619325511935014,-0.3303182851304563,0.6589738806223399
0.82489075429998,-0.7423685817106694,-0.3011938211574465,-0.47957078304258416,-0.44759714185456223,-0.717938560963642,-0.3303182851304563,0.6589738806223399
0.82489075429998,-0.7423685817106694,1.1446952607469059,-0.47957078304258416,-0.44759714185456223,-0.7920429012602808,-0.3303182851304563,0.6589738806223399
-1.5808491335888193,-0.7423685817106694,1.8295900890173886,0.5107854493944685,0.7123885203279295,1.530627134026352,-0.3303182851304563,0.6589738806223399
0.82489075429998,-0.7423685817106694,-0.3011938211574465,-0.47957078304258416,-0.44759714185456223,-0.7920429012602808,-0.3303182851304563,0.6589738806223399
0.82489075429998,-0.7423685817106694,0.992496410020132,-0.47957078304258416,-0.44759714185456223,-0.7233522977606277,-0.3303182851304563,0.6589738806223399
-0.3779791896444196,-0.7423685817106694,1.4490929622004538,-0.47957078304258416,-0.44759714185456223,-0.33441161920377827,-0.3303182851304563,0.6589738806223399
0.82489075429998,-0.7423685817106694,-0.3011938211574465,-0.47957078304258416,-0.44759714185456223,-0.8891210790266412,-0.3303182851304563,0.6589738806223399
-0.3779791896444196,-0.7423685817106694,-0.3011938211574465,0.5107854493944685,-0.44759714185456223,0.35449046307310594,-0.3303182851304563,0.6589738806223399
0.82489075429998,-0.7423685817106694,-0.3011938211574465,-0.47957078304258416,-0.44759714185456223,-0.8274027386366944,3.0273831180888426,-1.5175108291934007
-1.5808491335888193,1.3470397652008117,0.764198133929971,0.5107854493944685,0.7123885203279295,1.5022928294826141,-0.3303182851304563,0.6589738806223399
0.82489075429998,-0.7423685817106694,-0.3011938211574465,-0.47957078304258416,-0.44759714185456223,-0.8100689324946657,-0.3303182851304563,0.6589738806223399
0.82489075429998,-0.7423685817106694,-0.3011938211574465,-0.47957078304258416,-0.44759714185456223,-0.23047652397096224,-0.3303182851304563,-1.5175108291934007
0.82489075429998,-0.7423685817106694,-0.6055915226109944,-0.47957078304258416,-0.44759714185456223,-0.8149855185915706,-0.3303182851304563,0.6589738806223399
0.82489075429998,1.3470397652008117,-0.5294920972476074,-0.47957078304258416,1.8723741825104212,0.20251979765906444,-0.3303182851304563,-1.5175108291934007
-1.5808491335888193,-0.7423685817106694,2.742783193378032,-0.47957078304258416,-0.44759714185456223,0.37564241894950545,-0.3303182851304563,0.6589738806223399
-0.3779791896444196,1.3470397652008117,-1.8231823284251858,0.5107854493944685,1.8723741825104212,0.42036290463895254,-0.3303182851304563,0.6589738806223399
-1.5808491335888193,-0.7423685817106694,0.764198133929971,-0.47957078304258416,-0.44759714185456223,0.489197451149056,-0.3303182851304563,-1.5175108291934007
0.82489075429998,1.3470397652008117,-0.5294920972476074,0.5107854493944685,-0.44759714185456223,-0.2307547627188153,-0.3303182851304563,-1.5175108291934007
-1.5808491335888193,-0.7423685817106694,-0.07289554506728556,-0.47957078304258416,-0.44759714185456223,0.960178148487297,-0.3303182851304563,0.6589738806223399
-0.3779791896444196,1.3470397652008117,-0.8338897987011552,-0.47957078304258416,1.8723741825104212,-0.33441161920377827,-0.3303182851304563,0.6589738806223399
-1.5808491335888193,1.3470397652008117,1.220794686110293,-0.47957078304258416,0.7123885203279295,1.1990220345084048,-0.3303182851304563,-1.5175108291934007
0.82489075429998,-0.7423685817106694,-2.1405169321905095,-0.47957078304258416,0.7123885203279295,-0.6512564634904203,-0.3303182851304563,0.6589738806223399
0.82489075429998,1.3470397652008117,-0.5294920972476074,0.5107854493944685,-0.44759714185456223,-0.1620726410722276,3.0273831180888426,-1.5175108291934007
-0.3779791896444196,1.3470397652008117,-1.9753811791519598,0.5107854493944685,1.8723741825104212,0.832299016443602,-0.3303182851304563,-1.5175108291934007
0.82489075429998,1.3470397652008117,-2.1275800298787337,-0.47957078304258416,1.8723741825104212,-0.14681916031628292,-0.3303182851304563,-1.5175108291934007
-0.3779791896444196,-0.7423685817106694,1.7534906636540015,-0.47957078304258416,-0.44759714185456223,-0.33441161920377827,-0.3303182851304563,0.6589738806223399
0.82489075429998,1.3470397652008117,-0.9099892240645422,-0.47957078304258416,0.7123885203279295,-0.1246076164845343,-0.3303182851304563,0.6589738806223399
0.82489075429998,1.3470397652008117,-0.5294920972476074,-0.47957078304258416,-0.44759714185456223,-0.8274027386366944,3.0273831180888426,-1.5175108291934007
0.82489075429998,-0.7423685817106694,0.916396984656745,-0.47957078304258416,-0.44759714185456223,-0.9051352706377722,-0.3303182851304563,0.6589738806223399
-1.5808491335888193,-0.7423685817106694,2.666683768014645,0.5107854493944685,4.192345506875404,2.746121110745426,-0.3303182851304563,0.6589738806223399
0.82489075429998,-0.7423685817106694,-0.5294920972476074,-0.47957078304258416,-0.44759714185456223,-0.6512564634904203,-0.3303182851304563,0.6589738806223399
0.82489075429998,-0.7423685817106694,-0.3011938211574465,-0.47957078304258416,-0.44759714185456223,-0.8923044173605303,-0.3303182851304563,-1.5175108291934007
-0.3779791896444196,-0.7423685817106694,0.0032038802961014126,-0.47957078304258416,-0.44759714185456223,-0.27200015750067347,-0.3303182851304563,-1.5175108291934007
0.82489075429998,1.3470397652008117,-0.5294920972476074,-0.47957078304258416,-0.44759714185456223,-0.8294065695571002,3.0273831180888426,-1.5175108291934007
-0.3779791896444196,-0.7423685817106694,0.38370100711303623,0.5107854493944685,-0.44759714185456223,0.13967972447096214,-0.3303182851304563,0.6589738806223399
0.82489075429998,-0.7423685817106694,-0.3011938211574465,0.5107854493944685,9.992273817787863,1.3619517960233845,-0.3303182851304563,0.6589738806223399
0.82489075429998,1.3470397652008117,-0.9860886494279292,-0.47957078304258416,-0.44759714185456223,-0.8294065695571002,3.0273831180888426,-1.5175108291934007
0.82489075429998,1.3470397652008117,-0.4533926718842204,-0.47957078304258416,-0.44759714185456223,-0.8066315811583502,-0.3303182851304563,0.6589738806223399
0.82489075429998,-0.7423685817106694,-0.3011938211574465,-0.47957078304258416,-0.44759714185456223,-0.8179513223248555,3.0273831180888426,-1.5175108291934007
0.82489075429998,-0.7423685817106694,2.400335779242791,-0.47957078304258416,-0.44759714185456223,-0.2307547627188153,-0.3303182851304563,0.6589738806223399
-0.3779791896444196,-0.7423685817106694,-0.07289554506728556,-0.47957078304258416,-0.44759714185456223,-0.540742851836958,-0.3303182851304563,0.6589738806223399
-1.5808491335888193,1.3470397652008117,-0.7577903733377682,0.5107854493944685,-0.44759714185456223,1.6413050475640198,-0.3303182851304563,-1.5175108291934007
0.82489075429998,-0.7423685817106694,-0.2250943957940595,-0.47957078304258416,-0.44759714185456223,-0.8110480473712433,-0.3303182851304563,0.6589738806223399
-1.5808491335888193,-0.7423685817106694,0.07930330565948839,-0.47957078304258416,-0.44759714185456223,0.35449046307310594,-0.3303182851304563,0.6589738806223399
-1.5808491335888193,1.3470397652008117,2.2100872158343234,-0.47957078304258416,-0.44759714185456223,0.37564241894950545,-0.3303182851304563,0.6589738806223399
0.82489075429998,1.3470397652008117,-0.8338897987011552,-0.47957078304258416,-0.44759714185456223,-0.7920429012602808,-0.3303182851304563,0.6589738806223399
-1.5808491335888193,-0.7423685817106694,1.9056895143807755,0.5107854493944685,-0.44759714185456223,1.1279260706759662,-0.3303182851304563,-1.5175108291934007
0.82489075429998,-0.7423685817106694,-0.7577903733377682,-0.47957078304258416,-0.44759714185456223,-0.2276508171919241,-0.3303182851304563,0.6589738806223399
0.82489075429998,1.3470397652008117,0.3076015817496493,0.5107854493944685,1.8723741825104212,0.11921842620401046,-0.3303182851304563,0.6589738806223399
-0.3779791896444196,-0.7423685817106694,-0.3772932465208334,-0.47957078304258416,-0.44759714185456223,-0.540742851836958,-0.3303182851304563,0.6589738806223399
-1.5808491335888193,-0.7423685817106694,0.3076015817496493,-0.47957078304258416,-0.44759714185456223,-1.2231501197037558,-0.3303182851304563,0.6589738806223399
0.82489075429998,-0.7423685817106694,-0.3011938211574465,-0.47957078304258416,-0.44759714185456223,1.1473347238204925,-0.3303182851304563,0.6589738806223399
0.82489075429998,-0.7423685817106694,-1.3665857762448639,4.472210379142679,1.8723741825104212,0.9558076872646055,-0.3303182851304563,0.6589738806223399
-0.3779791896444196,1.3470397652008117,0.916396984656745,-0.47957078304258416,0.7123885203279295,0.06560831023889419,-0.3303182851304563,0.6589738806223399
0.82489075429998,-0.7423685817106694,-0.9860886494279292,-0.47957078304258416,-0.44759714185456223,-0.6648533507929845,-0.3303182851304563,0.6589738806223399
0.82489075429998,-0.7423685817106694,-0.3011938211574465,1.5011416818315209,-0.44759714185456223,0.2418163786147907,3.0273831180888426,-1.5175108291934007
0.82489075429998,-0.7423685817106694,-0.3011938211574465,-0.47957078304258416,-0.44759714185456223,-0.8100689324946657,-0.3303182851304563,0.6589738806223399
-1.5808491335888193,-0.7423685817106694,2.4383854919244845,-0.47957078304258416,-0.44759714185456223,0.5751232223660009,-0.3303182851304563,0.6589738806223399
-0.3779791896444196,1.3470397652008117,0.23150215638626231,-0.47957078304258416,-0.44759714185456223,-0.33441161920377827,-0.3303182851304563,0.6589738806223399
-1.5808491335888193,1.3470397652008117,1.220794686110293,-0.47957078304258416,-0.44759714185456223,2.7436349536774327,-0.3303182851304563,-1.5175108291934007
0.82489075429998,-0.7423685817106694,-0.7577903733377682,-0.47957078304258416,-0.44759714185456223,-0.9546992551463377,3.0273831180888426,-1.5175108291934007
-1.5808491335888193,1.3470397652008117,0.4598004324764232,0.5107854493944685,-0.44759714185456223,1.5508959535855364,-0.3303182851304563,0.6589738806223399
0.82489075429998,1.3470397652008117,-0.8338897987011552,-0.47957078304258416,-0.44759714185456223,-0.8583264446734006,-0.3303182851304563,0.6589738806223399
-1.5808491335888193,1.3470397652008117,-0.3772932465208334,2.491497914268573,1.8723741825104212,2.746121110745426,-0.3303182851304563,0.6589738806223399
0.82489075429998,-0.7423685817106694,-0.3772932465208334,-0.47957078304258416,-0.44759714185456223,-0.8149855185915706,-0.3303182851304563,0.6589738806223399
-0.3779791896444196,1.3470397652008117,-1.290486350881477,1.5011416818315209,0.7123885203279295,0.7667564402697575,-0.3303182851304563,0.6589738806223399
-1.5808491335888193,1.3470397652008117,1.220794686110293,0.5107854493944685,0.7123885203279295,2.258625205319116,-0.3303182851304563,0.6589738806223399
0.82489075429998,-0.7423685817106694,0.840297559293358,0.5107854493944685,5.352331169057896,0.545324467131099,-0.3303182851304563,0.6589738806223399
0.82489075429998,1.3470397652008117,-0.4533926718842204,-0.47957078304258416,-0.44759714185456223,-0.7920429012602808,-0.3303182851304563,0.6589738806223399
0.82489075429998,1.3470397652008117,-0.5294920972476074,-0.47957078304258416,-0.44759714185456223,-0.8274027386366944,3.0273831180888426,-1.5175108291934007
0.82489075429998,-0.7423685817106694,-0.6055915226109944,-0.47957078304258416,-0.44759714185456223,-0.8219267672511483,-0.3303182851304563,0.6589738806223399
0.82489075429998,-0.7423685817106694,-0.2250943957940595,1.5011416818315209,-0.44759714185456223,-0.7233522977606277,-0.3303182851304563,0.6589738806223399
-1.5808491335888193,1.3470397652008117,2.5905843426512583,0.5107854493944685,-0.44759714185456223,1.4800570672516717,-0.3303182851304563,0.6589738806223399
-1.5808491335888193,1.3470397652008117,0.5358998578398102,-0.47957078304258416,-0.44759714185456223,2.055258751608096,-0.3303182851304563,-1.5175108291934007
-0.3779791896444196,-0.7423685817106694,0.4598004324764232,-0.47957078304258416,-0.44759714185456223,-0.3842777524040262,3.0273831180888426,-1.5175108291934007
-1.5808491335888193,-0.7423685817106694,1.3729935368370667,-0.47957078304258416,-0.44759714185456223,0.3383417873056363,-0.3303182851304563,0.6589738806223399
-0.3779791896444196,1.3470397652008117,1.220794686110293,-0.47957078304258416,1.8723741825104212,0.49939762076248945,-0.3303182851304563,0.6589738806223399
0.82489075429998,-0.7423685817106694,-0.3011938211574465,-0.47957078304258416,-0.44759714185456223,-0.8100689324946657,-0.3303182851304563,0.6589738806223399
-0.3779791896444196,1.3470397652008117,-2.1275800298787337,0.5107854493944685,1.8723741825104212,0.832299016443602,-0.3303182851304563,-1.5175108291934007
-0.3779791896444196,-0.7423685817106694,0.07930330565948839,-0.47957078304258416,-0.44759714185456223,-0.33441161920377827,-0.3303182851304563,0.6589738806223399
0.82489075429998,-0.7423685817106694,-0.3011938211574465,-0.47957078304258416,-0.44759714185456223,-0.7920429012602808,-0.3303182851304563,0.6589738806223399
0.82489075429998,-0.7423685817106694,1.1446952607469059,-0.47957078304258416,-0.44759714185456223,-0.8066315811583502,-0.3303182851304563,0.6589738806223399
0.82489075429998,-0.7423685817106694,-0.2250943957940595,-0.47957078304258416,-0.44759714185456223,-0.8120280770665157,3.0273831180888426,-1.5175108291934007
-0.3779791896444196,-0.7423685817106694,0.04125359297779489,-0.47957078304258416,-0.44759714185456223,-0.157049921933185,-0.3303182851304563,-1.5175108291934007
0.82489075429998,1.3470397652008117,-2.1275800298787337,0.5107854493944685,0.7123885203279295,-0.08843474996099242,-0.3303182851304563,0.6589738806223399
0.82489075429998,-0.7423685817106694,0.6880987085665841,-0.47957078304258416,-0.44759714185456223,-0.7233522977606277,-0.3303182851304563,0.6589738806223399
-1.5808491335888193,-0.7423685817106694,1.4490929622004538,0.5107854493944685,-0.44759714185456223,1.4636008635081237,-0.3303182851304563,-1.5175108291934007
0.82489075429998,-0.7423685817106694,-1.8992817537885727,0.5107854493944685,0.7123885203279295,-0.48451428880336206,-0.3303182851304563,0.6589738806223399
0.82489075429998,1.3470397652008117,-0.7577903733377682,0.5107854493944685,-0.44759714185456223,-0.1246076164845343,-0.3303182851304563,0.6589738806223399
0.82489075429998,1.3470397652008117,-0.5294920972476074,-0.47957078304258416,-0.44759714185456223,-0.8304039114307161,3.0273831180888426,-1.5175108291934007
0.82489075429998,-0.7423685817106694,1.6012918129272278,-0.47957078304258416,-0.44759714185456223,-0.7920429012602808,-0.3303182851304563,0.6589738806223399
0.82489075429998,1.3470397652008117,-0.8338897987011552,0.5107854493944685,-0.44759714185456223,-0.02519367640849145,-0.3303182851304563,0.6589738806223399
0.82489075429998,1.3470397652008117,-0.5294920972476074,-0.47957078304258416,-0.44759714185456223,-0.8179513223248555,3.0273831180888426,-1.5175108291934007
0.82489075429998,-0.7423685817106694,-0.3011938211574465,-0.47957078304258416,-0.44759714185456223,-0.8917689408700837,-0.3303182851304563,-1.5175108291934007
-0.3779791896444196,-0.7423685817106694,1.6012918129272278,-0.47957078304258416,-0.44759714185456223,-0.33441161920377827,-0.3303182851304563,0.6589738806223399
-1.5808491335888193,1.3470397652008117,0.5358998578398102,0.5107854493944685,-0.44759714185456223,1.0619325511935014,-0.3303182851304563,0.6589738806223399
0.82489075429998,-0.7423685817106694,-0.2250943957940595,-0.47957078304258416,-0.44759714185456223,-0.8100689324946657,-0.3303182851304563,0.6589738806223399
0.82489075429998,-0.7423685817106694,-0.3011938211574465,-0.47957078304258416,-0.44759714185456223,-0.8917689408700837,-0.3303182851304563,-1.5175108291934007
0.82489075429998,-0.7423685817106694,-0.3772932465208334,0.5107854493944685,-0.44759714185456223,-0.1246076164845343,-0.3303182851304563,0.6589738806223399
0.82489075429998,-0.7423685817106694,-0.6055915226109944,-0.47957078304258416,-0.44759714185456223,-0.7485328640501198,-0.3303182851304563,0.6589738806223399
0.82489075429998,1.3470397652008117,-0.2250943957940595,-0.47957078304258416,-0.44759714185456223,-0.8149855185915706,-0.3303182851304563,0.6589738806223399
0.82489075429998,1.3470397652008117,0.15540273102287536,0.5107854493944685,0.7123885203279295,0.11678476113099578,-0.3303182851304563,0.6589738806223399
0.82489075429998,-0.7423685817106694,0.764198133929971,-0.47957078304258416,-0.44759714185456223,0.2800399707104489,-0.3303182851304563,0.6589738806223399
-1.5808491335888193,-0.7423685817106694,1.9817889397441626,-0.47957078304258416,-0.44759714185456223,1.0215849162695987,-0.3303182851304563,0.6589738806223399
0.82489075429998,-0.7423685817106694,1.6773912382906147,-0.47957078304258416,-0.44759714185456223,-0.7920429012602808,-0.3303182851304563,0.6589738806223399
-1.5808491335888193,1.3470397652008117,-0.3772932465208334,-0.47957078304258416,-0.44759714185456223,1.0113379845098474,-0.3303182851304563,-1.5175108291934007
-1.5808491335888193,-0.7423685817106694,-0.6055915226109944,-0.47957078304258416,0.7123885203279295,1.2328417839160393,-0.3303182851304563,-1.5175108291934007
0.82489075429998,1.3470397652008117,-0.5294920972476074,-0.47957078304258416,1.8723741825104212,-0.1783579704035197,-0.3303182851304563,-1.5175108291934007
-1.5808491335888193,-0.7423685817106694,0.5358998578398102,-0.47957078304258416,-0.44759714185456223,0.7958497770697938,-0.3303182851304563,-1.5175108291934007
0.82489075429998,-0.7423685817106694,-0.8338897987011552,-0.47957078304258416,-0.44759714185456223,-0.7233522977606277,-0.3303182851304563,0.6589738806223399
0.82489075429998,-0.7423685817106694,-0.3772932465208334,-0.47957078304258416,-0.44759714185456223,-0.8516560544389479,-0.3303182851304563,0.6589738806223399
0.82489075429998,-0.7423685817106694,0.764198133929971,-0.47957078304258416,1.8723741825104212,-0.8917689408700837,-0.3303182851304563,-1.5175108291934007
-1.5808491335888193,-0.7423685817106694,-0.3772932465208334,-0.47957078304258416,0.7123885203279295,2.6827433342833267,-0.3303182851304563,-1.5175108291934007
-1.5808491335888193,1.3470397652008117,-0.8338897987011552,0.5107854493944685,-0.44759714185456223,1.2093902491692068,-0.3303182851304563,0.6589738806223399
0.82489075429998,1.3470397652008117,-0.8338897987011552,-0.47957078304258416,-0.44759714185456223,-0.9546992551463377,3.0273831180888426,-1.5175108291934007
-1.5808491335888193,1.3470397652008117,-1.138287500154703,0.5107854493944685,1.8723741825104212,1.927805641056904,-0.3303182851304563,0.6589738806223399
-0.3779791896444196,1.3470397652008117,-0.9099892240645422,-0.47957078304258416,-0.44759714185456223,-0.41214415120485565,-0.3303182851304563,-1.5175108291934007
-0.3779791896444196,1.3470397652008117,-0.7577903733377682,0.5107854493944685,-0.44759714185456223,0.35449046307310594,-0.3303182851304563,0.6589738806223399
-0.3779791896444196,-0.7423685817106694,0.38370100711303623,-0.47957078304258416,-0.44759714185456223,-0.33441161920377827,-0.3303182851304563,0.6589738806223399
-1.5808491335888193,1.3470397652008117,0.15540273102287536,-0.47957078304258416,1.8723741825104212,2.258625205319116,-0.3303182851304563,0.6589738806223399
-1.5808491335888193,1.3470397652008117,0.3076015817496493,-0.47957078304258416,-0.44759714185456223,2.1708398539274696,-0.3303182851304563,0.6589738806223399
0.82489075429998,1.3470397652008117,-0.5294920972476074,-0.47957078304258416,-0.44759714185456223,-0.8274027386366944,3.0273831180888426,-1.5175108291934007
-1.5808491335888193,-0.7423685817106694,0.07930330565948839,0.5107854493944685,-0.44759714185456223,1.1699693985889155,-0.3303182851304563,-1.5175108291934007
0.82489075429998,-0.7423685817106694,-0.3011938211574465,-0.47957078304258416,-0.44759714185456223,1.1473347238204925,-0.3303182851304563,0.6589738806223399
0.82489075429998,-0.7423685817106694,-0.3011938211574465,7.443279076453836,1.8723741825104212,1.3619517960233845,-0.3303182851304563,0.6589738806223399
0.82489075429998,1.3470397652008117,-0.5294920972476074,-0.47957078304258416,-0.44759714185456223,-0.8120280770665157,3.0273831180888426,-1.5175108291934007
0.82489075429998,-0.7423685817106694,-0.14899497043067253,-0.47957078304258416,-0.44759714185456223,-0.9246807276572877,-0.3303182851304563,0.6589738806223399
0.82489075429998,-0.7423685817106694,-0.3011938211574465,-0.47957078304258416,-0.44759714185456223,-0.8274027386366944,3.0273831180888426,-1.5175108291934007
0.82489075429998,-0.7423685817106694,-0.3011938211574465,-0.47957078304258416,-0.44759714185456223,-0.6361639847469676,-0.3303182851304563,0.6589738806223399
0.82489075429998,1.3470397652008117,-0.5294920972476074,-0.47957078304258416,-0.44759714185456223,-0.7920429012602808,-0.3303182851304563,0.6589738806223399
0.82489075429998,-0.7423685817106694,0.764198133929971,-0.47957078304258416,-0.44759714185456223,-0.8066315811583502,-0.3303182851304563,0.6589738806223399
0.82489075429998,1.3470397652008117,-0.6055915226109944,-0.47957078304258416,-0.44759714185456223,-0.7233522977606277,-0.3303182851304563,0.6589738806223399
0.82489075429998,-0.7423685817106694,-0.3011938211574465,0.5107854493944685,-0.44759714185456223,-0.02519367640849145,-0.3303182851304563,0.6589738806223399
-0.3779791896444196,-0.7423685817106694,-0.4533926718842204,-0.47957078304258416,-0.44759714185456223,-0.540742851836958,-0.3303182851304563,0.6589738806223399
0.82489075429998,-0.7423685817106694,-0.3011938211574465,-0.47957078304258416,-0.44759714185456223,-0.9148624733560797,-0.3303182851304563,0.6589738806223399
-1.5808491335888193,1.3470397652008117,0.3076015817496493,0.5107854493944685,-0.44759714185456223,1.0834795291036072,-0.3303182851304563,0.6589738806223399
-1.5808491335888193,-0.7423685817106694,1.220794686110293,-0.47957078304258416,-0.44759714185456223,0.37564241894950545,-0.3303182851304563,0.6589738806223399
0.82489075429998,-0.7423685817106694,-0.3772932465208334,1.5011416818315209,-0.44759714185456223,0.2800399707104489,-0.3303182851304563,0.6589738806223399
0.82489075429998,-0.7423685817106694,-0.07289554506728556,0.5107854493944685,-0.44759714185456223,-0.1400557480841277,-0.3303182851304563,0.6589738806223399
-1.5808491335888193,-0.7423685817106694,-0.3011938211574465,0.5107854493944685,-0.44759714185456223,1.6413050475640198,-0.3303182851304563,-1.5175108291934007
0.82489075429998,-0.7423685817106694,-0.3011938211574465,-0.47957078304258416,-0.44759714185456223,-0.8274027386366944,3.0273831180888426,-1.5175108291934007
0.82489075429998,1.3470397652008117,-0.5294920972476074,-0.47957078304258416,-0.44759714185456223,-0.7920429012602808,-0.3303182851304563,0.6589738806223399
-0.3779791896444196,-0.7423685817106694,-2.1405169321905095,0.5107854493944685,0.7123885203279295,0.026514002236632677,-0.3303182851304563,0.6589738806223399
-0.3779791896444196,-0.7423685817106694,-0.3772932465208334,1.5011416818315209,-0.44759714185456223,1.4190936901534685,-0.3303182851304563,0.6589738806223399
0.82489075429998,-0.7423685817106694,0.2695518690679558,-0.47957078304258416,-0.44759714185456223,-0.6361639847469676,-0.3303182851304563,0.6589738806223399
-0.3779791896444196,1.3470397652008117,1.9817889397441626,-0.47957078304258416,-0.44759714185456223,-0.13075959409603866,-0.3303182851304563,0.6589738806223399
-1.5808491335888193,1.3470397652008117,0.840297559293358,-0.47957078304258416,-0.44759714185456223,2.183908147549735,-0.3303182851304563,0.6589738806223399
0.82489075429998,1.3470397652008117,0.5358998578398102,-0.47957078304258416,1.8723741825104212,-0.39745782878198627,-0.3303182851304563,0.6589738806223399
-1.5808491335888193,1.3470397652008117,0.764198133929971,0.5107854493944685,-0.44759714185456223,1.1364086979043113,-0.3303182851304563,0.6589738806223399
0.82489075429998,-0.7423685817106694,0.3076015817496493,0.5107854493944685,0.7123885203279295,0.11678476113099578,-0.3303182851304563,0.6589738806223399
0.82489075429998,1.3470397652008117,-0.5294920972476074,-0.47957078304258416,-0.44759714185456223,-0.8274027386366944,3.0273831180888426,-1.5175108291934007
0.82489075429998,1.3470397652008117,-1.138287500154703,-0.47957078304258416,-0.44759714185456223,-0.8149855185915706,-0.3303182851304563,0.6589738806223399
0.82489075429998,1.3470397652008117,-0.4533926718842204,-0.47957078304258416,-0.44759714185456223,-0.7233522977606277,-0.3303182851304563,0.6589738806223399
0.82489075429998,-0.7423685817106694,-0.3011938211574465,-0.47957078304258416,-0.44759714185456223,-0.8120280770665157,3.0273831180888426,-1.5175108291934007
0.82489075429998,-0.7423685817106694,-0.5294920972476074,-0.47957078304258416,-0.44759714185456223,-0.6873404356390691,-0.3303182851304563,0.6589738806223399
0.82489075429998,-0.7423685817106694,-0.07289554506728556,-0.47957078304258416,-0.44759714185456223,-0.8219267672511483,-0.3303182851304563,0.6589738806223399
-0.3779791896444196,1.3470397652008117,0.38370100711303623,0.5107854493944685,0.7123885203279295,0.5807491644362558,-0.3303182851304563,0.6589738806223399
0.82489075429998,-0.7423685817106694,0.07930330565948839,-0.47957078304258416,-0.44759714185456223,-0.8891210790266412,-0.3303182851304563,0.6589738806223399
0.82489075429998,1.3470397652008117,-0.14899497043067253,0.5107854493944685,-0.44759714185456223,-0.8066315811583502,-0.3303182851304563,0.6589738806223399
-1.5808491335888193,-0.7423685817106694,0.764198133929971,-0.47957078304258416,-0.44759714185456223,-3.102543068023807,-0.3303182851304563,0.6589738806223399
-1.5808491335888193,-0.7423685817106694,0.4598004324764232,-0.47957078304258416,-0.44759714185456223,0.3656003578870198,-0.3303182851304563,0.6589738806223399
-1.5808491335888193,-0.7423685817106694,0.840297559293358,-0.47957078304258416,-0.44759714185456223,0.4192970363868142,-0.3303182851304563,-1.5175108291934007
0.82489075429998,1.3470397652008117,-0.5294920972476074,-0.47957078304258416,-0.44759714185456223,-0.8309089520277634,3.0273831180888426,-1.5175108291934007
0.82489075429998,-0.7423685817106694,-0.3011938211574465,-0.47957078304258416,-0.44759714185456223,-0.8923044173605303,-0.3303182851304563,-1.5175108291934007
-1.5808491335888193,-0.7423685817106694,0.5358998578398102,0.5107854493944685,1.8723741825104212,1.927805641056904,-0.3303182851304563,0.6589738806223399
0.82489075429998,1.3470397652008117,0.07930330565948839,-0.47957078304258416,-0.44759714185456223,-0.3745022000457854,-0.3303182851304563,0.6589738806223399
0.82489075429998,-0.7423685817106694,-0.3011938211574465,-0.47957078304258416,-0.44759714185456223,-0.7920429012602808,-0.3303182851304563,0.6589738806223399
-1.5808491335888193,1.3470397652008117,0.3076015817496493,-0.47957078304258416,-0.44759714185456223,0.4192970363868142,-0.3303182851304563,-1.5175108291934007
-0.3779791896444196,1.3470397652008117,0.15540273102287536,-0.47957078304258416,-0.44759714185456223,0.13967972447096214,-0.3303182851304563,0.6589738806223399
0.82489075429998,-0.7423685817106694,-0.3011938211574465,-0.47957078304258416,-0.44759714185456223,-0.7920429012602808,-0.3303182851304563,0.6589738806223399
0.82489075429998,-0.7423685817106694,-0.14899497043067253,-0.47957078304258416,-0.44759714185456223,-0.7233522977606277,-0.3303182851304563,0.6589738806223399
-0.3779791896444196,-0.7423685817106694,2.2861866411977103,-0.47957078304258416,-0.44759714185456223,-0.2976040118584918,-0.3303182851304563,0.6589738806223399
-1.5808491335888193,1.3470397652008117,1.6773912382906147,0.5107854493944685,-0.44759714185456223,1.4800570672516717,-0.3303182851304563,0.6589738806223399
0.82489075429998,-0.7423685817106694,-0.8338897987011552,0.5107854493944685,0.7123885203279295,-0.8149855185915706,-0.3303182851304563,0.6589738806223399
0.82489075429998,-0.7423685817106694,2.4383854919244845,-0.47957078304258416,-0.44759714185456223,-1.0264624747243953,-0.3303182851304563,0.6589738806223399
0.82489075429998,1.3470397652008117,-0.07289554506728556,-0.47957078304258416,-0.44759714185456223,-0.8244101284015073,-0.3303182851304563,0.6589738806223399
-1.5808491335888193,1.3470397652008117,0.07930330565948839,-0.47957078304258416,-0.44759714185456223,1.8029879497890178,-0.3303182851304563,-1.5175108291934007
-1.5808491335888193,1.3470397652008117,1.4490929622004538,0.5107854493944685,3.032359844692913,2.7436349536774327,-0.3303182851304563,-1.5175108291934007
-0.3779791896444196,1.3470397652008117,0.3076015817496493,-0.47957078304258416,1.8723741825104212,0.35449046307310594,-0.3303182851304563,0.6589738806223399
0.82489075429998,-0.7423685817106694,-1.442685201608251,3.4818541467056257,0.7123885203279295,0.46936544972508204,3.0273831180888426,-1.5175108291934007
-0.3779791896444196,1.3470397652008117,-0.6055915226109944,-0.47957078304258416,-0.44759714185456223,-0.540742851836958,-0.3303182851304563,0.6589738806223399
-1.5808491335888193,-0.7423685817106694,1.220794686110293,0.5107854493944685,-0.44759714185456223,1.5508959535855364,-0.3303182851304563,0.6589738806223399
0.82489075429998,1.3470397652008117,-1.0621880747913162,-0.47957078304258416,-0.44759714185456223,-0.7944564284611809,3.0273831180888426,-1.5175108291934007
-1.5808491335888193,-0.7423685817106694,-0.14899497043067253,0.5107854493944685,-0.44759714185456223,2.0640189357184537,-0.3303182851304563,-1.5175108291934007
0.82489075429998,-0.7423685817106694,-0.3392435338391399,-0.47957078304258416,-0.44759714185456223,-0.7920429012602808,-0.3303182851304563,0.6589738806223399
-1.5808491335888193,-0.7423685817106694,0.992496410020132,-0.47957078304258416,-0.44759714185456223,0.670710770767363,-0.3303182851304563,0.6589738806223399
-1.5808491335888193,-0.7423685817106694,1.2588443987919864,-0.47957078304258416,-0.44759714185456223,0.4473749341036943,-0.3303182851304563,0.6589738806223399
-0.3779791896444196,1.3470397652008117,-0.3772932465208334,-0.47957078304258416,1.8723741825104212,-0.2276508171919241,-0.3303182851304563,0.6589738806223399
-1.5808491335888193,-0.7423685817106694,1.6012918129272278,0.5107854493944685,-0.44759714185456223,1.1364086979043113,-0.3303182851304563,0.6589738806223399
0.82489075429998,-0.7423685817106694,0.23150215638626231,-0.47957078304258416,-0.44759714185456223,-0.8480799180630301,-0.3303182851304563,0.6589738806223399
-1.5808491335888193,-0.7423685817106694,-0.7577903733377682,0.5107854493944685,-0.44759714185456223,1.0834795291036072,-0.3303182851304563,0.6589738806223399
-0.3779791896444196,1.3470397652008117,-0.14899497043067253,-0.47957078304258416,-0.44759714185456223,-0.540742851836958,-0.3303182851304563,0.6589738806223399
0.82489075429998,-0.7423685817106694,-0.6055915226109944,-0.47957078304258416,-0.44759714185456223,-0.7920429012602808,-0.3303182851304563,0.6589738806223399
-1.5808491335888193,-0.7423685817106694,-0.4533926718842204,-0.47957078304258416,0.7123885203279295,1.2656034355419628,-0.3303182851304563,-1.5175108291934007
0.82489075429998,-0.7423685817106694,2.742783193378032,-0.47957078304258416,-0.44759714185456223,-0.8274027386366944,3.0273831180888426,-1.5175108291934007
0.82489075429998,-0.7423685817106694,0.5739495705215036,0.5107854493944685,-0.44759714185456223,-0.047751732404041354,-0.3303182851304563,0.6589738806223399
0.82489075429998,-0.7423685817106694,-0.3772932465208334,-0.47957078304258416,-0.44759714185456223,-0.8219267672511483,-0.3303182851304563,0.6589738806223399
0.82489075429998,-0.7423685817106694,-0.3011938211574465,-0.47957078304258416,-0.44759714185456223,-0.8274027386366944,3.0273831180888426,-1.5175108291934007
0.82489075429998,-0.7423685817106694,-1.5187846269716379,-0.47957078304258416,0.7123885203279295,-1.6045876253365159,-0.3303182851304563,0.6589738806223399
-1.5808491335888193,-0.7423685817106694,0.5358998578398102,-0.47957078304258416,-0.44759714185456223,1.443333385132981,-0.3303182851304563,-1.5175108291934007
-1.5808491335888193,1.3470397652008117,-0.6055915226109944,-0.47957078304258416,-0.44759714185456223,1.4800570672516717,-0.3303182851304563,0.6589738806223399
0.82489075429998,-0.7423685817106694,0.07930330565948839,-0.47957078304258416,-0.44759714185456223,-0.8917689408700837,-0.3303182851304563,-1.5175108291934007
0.82489075429998,-0.7423685817106694,-0.14899497043067253,-0.47957078304258416,-0.44759714185456223,-0.8923044173605303,-0.3303182851304563,-1.5175108291934007
0.82489075429998,-0.7423685817106694,-0.3011938211574465,-0.47957078304258416,-0.44759714185456223,-0.8917689408700837,-0.3303182851304563,-1.5175108291934007
-1.5808491335888193,1.3470397652008117,0.15540273102287536,-0.47957078304258416,-0.44759714185456223,2.0465223298528725,-0.3303182851304563,-1.5175108291934007
-0.3779791896444196,1.3470397652008117,1.6012918129272278,-0.47957078304258416,-0.44759714185456223,-0.540742851836958,-0.3303182851304563,0.6589738806223399
-1.5808491335888193,-0.7423685817106694,1.2968941114736798,-0.47957078304258416,-0.44759714185456223,1.4964238787756494,-0.3303182851304563,-1.5175108291934007
-0.3779791896444196,-0.7423685817106694,1.3729935368370667,-0.47957078304258416,-0.44759714185456223,-0.540742851836958,-0.3303182851304563,0.6589738806223399
0.82489075429998,1.3470397652008117,-0.3772932465208334,-0.47957078304258416,1.8723741825104212,-0.08843474996099242,-0.3303182851304563,0.6589738806223399
0.82489075429998,1.3470397652008117,-0.5294920972476074,-0.47957078304258416,-0.44759714185456223,-0.8917689408700837,-0.3303182851304563,-1.5175108291934007
-0.3779791896444196,1.3470397652008117,-1.2143869255180901,-0.47957078304258416,0.7123885203279295,0.06560831023889419,-0.3303182851304563,0.6589738806223399
0.82489075429998,-0.7423685817106694,0.23150215638626231,-0.47957078304258416,-0.44759714185456223,-0.7920429012602808,-0.3303182851304563,0.6589738806223399
-0.3779791896444196,-0.7423685817106694,-0.3772932465208334,-0.47957078304258416,-0.44759714185456223,-0.540742851836958,-0.3303182851304563,0.6589738806223399
0.82489075429998,-0.7423685817106694,-0.4533926718842204,-0.47957078304258416,-0.44759714185456223,-0.8219267672511483,-0.3303182851304563,0.6589738806223399
0.82489075429998,1.3470397652008117,0.15540273102287536,-0.47957078304258416,-0.44759714185456223,-0.7210967881134638,-0.3303182851304563,0.6589738806223399
0.82489075429998,-0.7423685817106694,2.2861866411977103,-0.47957078304258416,-0.44759714185456223,-0.8891210790266412,-0.3303182851304563,0.6589738806223399
-0.3779791896444196,-0.7423685817106694,2.4383854919244845,-0.47957078304258416,-0.44759714185456223,-0.3842777524040262,3.0273831180888426,-1.5175108291934007
-1.5808491335888193,1.3470397652008117,-0.8338897987011552,0.5107854493944685,-0.44759714185456223,1.0834795291036072,-0.3303182851304563,0.6589738806223399
-0.3779791896444196,-0.7423685817106694,-1.138287500154703,-0.47957078304258416,-0.44759714185456223,1.2920242348365991,-0.3303182851304563,0.6589738806223399
0.82489075429998,1.3470397652008117,-0.5294920972476074,-0.47957078304258416,-0.44759714185456223,-0.8274027386366944,3.0273831180888426,-1.5175108291934007
-1.5808491335888193,-0.7423685817106694,-2.1336679839078045,0.5107854493944685,1.8723741825104212,2.1708398539274696,-0.3303182851304563,0.6589738806223399
-1.5808491335888193,-0.7423685817106694,1.9817889397441626,0.5107854493944685,0.7123885203279295,1.6685250359843078,-0.3303182851304563,0.6589738806223399
-1.5808491335888193,1.3470397652008117,0.5358998578398102,-0.47957078304258416,-0.44759714185456223,2.7436349536774327,-0.3303182851304563,-1.5175108291934007
-0.3779791896444196,-0.7423685817106694,0.04125359297779489,-0.47957078304258416,-0.44759714185456223,-3.102543068023807,-0.3303182851304563,0.6589738806223399
0.82489075429998,-0.7423685817106694,0.992496410020132,-0.47957078304258416,-0.44759714185456223,-0.8516560544389479,-0.3303182851304563,0.6589738806223399
0.82489075429998,-0.7423685817106694,3.4276780216485148,-0.47957078304258416,-0.44759714185456223,-0.8244101284015073,-0.3303182851304563,0.6589738806223399
0.82489075429998,-0.7423685817106694,-0.7577903733377682,-0.47957078304258416,-0.44759714185456223,-0.7920429012602808,-0.3303182851304563,0.6589738806223399
0.82489075429998,-0.7423685817106694,-0.3772932465208334,-0.47957078304258416,-0.44759714185456223,-0.9148624733560797,-0.3303182851304563,0.6589738806223399
0.82489075429998,1.3470397652008117,-0.3772932465208334,-0.47957078304258416,-0.44759714185456223,-0.8274027386366944,3.0273831180888426,-1.5175108291934007
0.82489075429998,-0.7423685817106694,-0.3011938211574465,7.443279076453836,1.8723741825104212,1.3619517960233845,-0.3303182851304563,0.6589738806223399
-0.3779791896444196,-0.7423685817106694,0.07930330565948839,-0.47957078304258416,-0.44759714185456223,-0.33441161920377827,-0.3303182851304563,0.6589738806223399
-1.5808491335888193,-0.7423685817106694,3.8842745738288365,-0.47957078304258416,-0.44759714185456223,0.49939762076248945,-0.3303182851304563,0.6589738806223399
0.82489075429998,-0.7423685817106694,0.4598004324764232,-0.47957078304258416,-0.44759714185456223,-0.9051352706377722,-0.3303182851304563,0.6589738806223399
0.82489075429998,-0.7423685817106694,-0.3011938211574465,-0.47957078304258416,-0.44759714185456223,-0.8289022516525116,3.0273831180888426,-1.5175108291934007
0.82489075429998,-0.7423685817106694,0.6880987085665841,-0.47957078304258416,-0.44759714185456223,-0.8100689324946657,-0.3303182851304563,0.6589738806223399
0.82489075429998,-0.7423685817106694,-0.5294920972476074,-0.47957078304258416,-0.44759714185456223,-0.8891210790266412,-0.3303182851304563,0.6589738806223399
-0.3779791896444196,-0.7423685817106694,-0.3011938211574465,-0.47957078304258416,-0.44759714185456223,-0.33441161920377827,-0.3303182851304563,0.6589738806223399
-0.3779791896444196,-0.7423685817106694,-0.9860886494279292,-0.47957078304258416,-0.44759714185456223,-0.540742851836958,-0.3303182851304563,0.6589738806223399
-0.3779791896444196,-0.7423685817106694,1.9056895143807755,0.5107854493944685,-0.44759714185456223,0.35449046307310594,-0.3303182851304563,0.6589738806223399
0.82489075429998,-0.7423685817106694,0.23150215638626231,-0.47957078304258416,-0.44759714185456223,-0.8244101284015073,-0.3303182851304563,0.6589738806223399
0.82489075429998,-0.7423685817106694,-0.6816909479743812,-0.47957078304258416,-0.44759714185456223,-0.9148624733560797,-0.3303182851304563,0.6589738806223399
0.82489075429998,-0.7423685817106694,-0.3772932465208334,-0.47957078304258416,-0.44759714185456223,-0.8100689324946657,-0.3303182851304563,0.6589738806223399
-0.3779791896444196,-0.7423685817106694,0.38370100711303623,-0.47957078304258416,-0.44759714185456223,-0.33441161920377827,-0.3303182851304563,0.6589738806223399
-0.3779791896444196,1.3470397652008117,-0.6816909479743812,1.5011416818315209,0.7123885203279295,0.23094675620507135,-0.3303182851304563,0.6589738806223399
-0.3779791896444196,-0.7423685817106694,1.6773912382906147,-0.47957078304258416,-0.44759714185456223,-0.3706173468052195,-0.3303182851304563,0.6589738806223399
-1.5808491335888193,1.3470397652008117,-0.4533926718842204,-0.47957078304258416,0.7123885203279295,1.5469561632053046,-0.3303182851304563,-1.5175108291934007
0.82489075429998,1.3470397652008117,-0.4533926718842204,-0.47957078304258416,-0.44759714185456223,-0.8149855185915706,-0.3303182851304563,0.6589738806223399
-1.5808491335888193,-0.7423685817106694,1.220794686110293,-0.47957078304258416,-0.44759714185456223,0.37564241894950545,-0.3303182851304563,0.6589738806223399
-0.3779791896444196,-0.7423685817106694,-2.1275800298787337,1.5011416818315209,0.7123885203279295,0.7667564402697575,-0.3303182851304563,0.6589738806223399
0.82489075429998,-0.7423685817106694,-0.3011938211574465,-0.47957078304258416,-0.44759714185456223,-0.8110480473712433,-0.3303182851304563,0.6589738806223399
-1.5808491335888193,1.3470397652008117,0.5358998578398102,0.5107854493944685,-0.44759714185456223,1.059207788547746,-0.3303182851304563,0.6589738806223399
0.82489075429998,1.3470397652008117,-0.6816909479743812,-0.47957078304258416,-0.44759714185456223,-0.7233522977606277,-0.3303182851304563,0.6589738806223399
-1.5808491335888193,-0.7423685817106694,-0.3772932465208334,0.5107854493944685,-0.44759714185456223,1.2093902491692068,-0.3303182851304563,0.6589738806223399
-1.5808491335888193,-0.7423685817106694,-0.4533926718842204,-0.47957078304258416,-0.44759714185456223,1.6685250359843078,-0.3303182851304563,0.6589738806223399
0.82489075429998,-0.7423685817106694,-0.3011938211574465,-0.47957078304258416,-0.44759714185456223,-0.9213977541605666,-0.3303182851304563,0.6589738806223399
-0.3779791896444196,1.3470397652008117,-0.07289554506728556,-0.47957078304258416,-0.44759714185456223,-0.33441161920377827,-0.3303182851304563,0.6589738806223399
-1.5808491335888193,1.3470397652008117,1.6012918129272278,0.5107854493944685,0.7123885203279295,2.518500356810196,-0.3303182851304563,-1.5175108291934007
-1.5808491335888193,-0.7423685817106694,0.6119992832031972,0.5107854493944685,-0.44759714185456223,1.0834795291036072,-0.3303182851304563,0.6589738806223399
0.82489075429998,-0.7423685817106694,-0.3011938211574465,-0.47957078304258416,-0.44759714185456223,-0.8100689324946657,-0.3303182851304563,0.6589738806223399
-0.3779791896444196,-0.7423685817106694,0.15540273102287536,0.5107854493944685,0.7123885203279295,0.3641578971839773,-0.3303182851304563,0.6589738806223399
-0.3779791896444196,1.3470397652008117,0.0032038802961014126,0.5107854493944685,-0.44759714185456223,0.35449046307310594,-0.3303182851304563,0.6589738806223399
0.82489075429998,1.3470397652008117,-0.5294920972476074,-0.47957078304258416,-0.44759714185456223,-0.8274027386366944,3.0273831180888426,-1.5175108291934007
-1.5808491335888193,-0.7423685817106694,0.992496410020132,-0.47957078304258416,-0.44759714185456223,0.37564241894950545,-0.3303182851304563,0.6589738806223399
-1.5808491335888193,-0.7423685817106694,1.220794686110293,0.5107854493944685,0.7123885203279295,2.0465223298528725,-0.3303182851304563,-1.5175108291934007
-0.3779791896444196,1.3470397652008117,-0.3772932465208334,1.5011416818315209,3.032359844692913,0.026514002236632677,-0.3303182851304563,0.6589738806223399
-0.3779791896444196,-0.7423685817106694,0.0032038802961014126,0.5107854493944685,-0.44759714185456223,0.35449046307310594,-0.3303182851304563,0.6589738806223399
-0.3779791896444196,-0.7423685817106694,1.068595835383519,0.5107854493944685,0.7123885203279295,0.3641578971839773,-0.3303182851304563,0.6589738806223399
-1.5808491335888193,1.3470397652008117,1.7534906636540015,0.5107854493944685,-0.44759714185456223,1.484145978605786,-0.3303182851304563,-1.5175108291934007
0.82489075429998,-0.7423685817106694,-0.3011938211574465,0.5107854493944685,-0.44759714185456223,-0.9978703350480775,-0.3303182851304563,-1.5175108291934007
-0.3779791896444196,1.3470397652008117,-0.6816909479743812,0.5107854493944685,-0.44759714185456223,0.35449046307310594,-0.3303182851304563,0.6589738806223399
0.82489075429998,-0.7423685817106694,-0.6055915226109944,-0.47957078304258416,-0.44759714185456223,-0.8100689324946657,-0.3303182851304563,0.6589738806223399
0.82489075429998,1.3470397652008117,0.23150215638626231,0.5107854493944685,0.7123885203279295,-0.1620726410722276,3.0273831180888426,-1.5175108291934007
0.82489075429998,-0.7423685817106694,-0.9099892240645422,-0.47957078304258416,-0.44759714185456223,-0.9051352706377722,-0.3303182851304563,0.6589738806223399
-1.5808491335888193,-0.7423685817106694,2.362286066561097,0.5107854493944685,0.7123885203279295,1.4964238787756494,-0.3303182851304563,-1.5175108291934007
0.82489075429998,-0.7423685817106694,-0.9860886494279292,0.5107854493944685,3.032359844692913,0.6378726712364107,-0.3303182851304563,0.6589738806223399
0.82489075429998,-0.7423685817106694,-0.9860886494279292,-0.47957078304258416,-0.44759714185456223,-0.7920429012602808,-0.3303182851304563,0.6589738806223399
0.82489075429998,-0.7423685817106694,0.3076015817496493,-0.47957078304258416,-0.44759714185456223,-0.8244101284015073,-0.3303182851304563,0.6589738806223399
0.82489075429998,-0.7423685817106694,-0.6055915226109944,-0.47957078304258416,-0.44759714185456223,-0.8214260320049483,-0.3303182851304563,0.6589738806223399
0.82489075429998,-0.7423685817106694,-0.8338897987011552,1.5011416818315209,1.8723741825104212,0.6378726712364107,-0.3303182851304563,0.6589738806223399
-0.3779791896444196,1.3470397652008117,0.992496410020132,-0.47957078304258416,-0.44759714185456223,-0.33441161920377827,-0.3303182851304563,0.6589738806223399
-1.5808491335888193,1.3470397652008117,-0.5294920972476074,-0.47957078304258416,0.7123885203279295,1.242882599870862,-0.3303182851304563,-1.5175108291934007
-1.5808491335888193,1.3470397652008117,0.3076015817496493,-0.47957078304258416,-0.44759714185456223,1.5877998937480433,-0.3303182851304563,0.6589738806223399
-1.5808491335888193,-0.7423685817106694,0.23150215638626231,-0.47957078304258416,-0.44759714185456223,0.5161805256186699,-0.3303182851304563,-1.5175108291934007
0.82489075429998,-0.7423685817106694,-0.3011938211574465,-0.47957078304258416,-0.44759714185456223,-0.2276508171919241,-0.3303182851304563,0.6589738806223399
0.82489075429998,1.3470397652008117,-0.5294920972476074,-0.47957078304258416,-0.44759714185456223,-0.7848239520779593,-0.3303182851304563,0.6589738806223399
0.82489075429998,-0.7423685817106694,-0.3011938211574465,-0.47957078304258416,-0.44759714185456223,-0.8100689324946657,-0.3303182851304563,0.6589738806223399
0.82489075429998,-0.7423685817106694,-1.8992817537885727,3.4818541467056257,0.7123885203279295,0.46936544972508204,3.0273831180888426,-1.5175108291934007
0.82489075429998,1.3470397652008117,0.0032038802961014126,-0.47957078304258416,4.192345506875404,0.1432494698651654,-0.3303182851304563,0.6589738806223399
0.82489075429998,-0.7423685817106694,-0.3011938211574465,-0.47957078304258416,-0.44759714185456223,-0.7457567365960761,3.0273831180888426,-1.5175108291934007
0.82489075429998,-0.7423685817106694,0.992496410020132,-0.47957078304258416,0.7123885203279295,-0.7517735574860228,-0.3303182851304563,0.6589738806223399
0.82489075429998,-0.7423685817106694,0.3076015817496493,-0.47957078304258416,-0.44759714185456223,-0.7920429012602808,-0.3303182851304563,0.6589738806223399
-0.3779791896444196,-0.7423685817106694,0.4598004324764232,-0.47957078304258416,-0.44759714185456223,-0.540742851836958,-0.3303182851304563,0.6589738806223399
0.82489075429998,-0.7423685817106694,-1.5187846269716379,3.4818541467056257,1.8723741825104212,0.545324467131099,-0.3303182851304563,0.6589738806223399
0.82489075429998,1.3470397652008117,0.916396984656745,-0.47957078304258416,1.8723741825104212,0.10144507305905423,-0.3303182851304563,0.6589738806223399
-0.3779791896444196,-0.7423685817106694,0.23150215638626231,1.5011416818315209,-0.44759714185456223,1.4190936901534685,-0.3303182851304563,0.6589738806223399
-0.3779791896444196,-0.7423685817106694,0.5358998578398102,-0.47957078304258416,-0.44759714185456223,-0.33441161920377827,-0.3303182851304563,0.6589738806223399
-0.3779791896444196,-0.7423685817106694,0.4598004324764232,-0.47957078304258416,-0.44759714185456223,0.35449046307310594,-0.3303182851304563,0.6589738806223399
-1.5808491335888193,-0.7423685817106694,0.15540273102287536,0.5107854493944685,-0.44759714185456223,1.156492864050335,-0.3303182851304563,0.6589738806223399
-1.5808491335888193,1.3470397652008117,1.068595835383519,-0.47957078304258416,0.7123885203279295,2.5176979429488964,-0.3303182851304563,0.6589738806223399
0.82489075429998,1.3470397652008117,-0.14899497043067253,-0.47957078304258416,-0.44759714185456223,-0.8066315811583502,-0.3303182851304563,0.6589738806223399
0.82489075429998,1.3470397652008117,-0.5294920972476074,0.5107854493944685,-0.44759714185456223,-0.1246076164845343,-0.3303182851304563,0.6589738806223399
-0.3779791896444196,-0.7423685817106694,-0.6816909479743812,-0.47957078304258416,-0.44759714185456223,-0.2717037039349416,-0.3303182851304563,-1.5175108291934007
0.82489075429998,1.3470397652008117,-0.5294920972476074,-0.47957078304258416,-0.44759714185456223,-0.82291701900216,3.0273831180888426,-1.5175108291934007
0.82489075429998,-0.7423685817106694,-1.138287500154703,4.472210379142679,1.8723741825104212,0.9558076872646055,-0.3303182851304563,0.6589738806223399
0.82489075429998,-0.7423685817106694,-0.5294920972476074,-0.47957078304258416,-0.44759714185456223,-0.8552444249673976,-0.3303182851304563,0.6589738806223399
0.82489075429998,-0.7423685817106694,-0.3011938211574465,-0.47957078304258416,-0.44759714185456223,-0.8244101284015073,-0.3303182851304563,0.6589738806223399
0.82489075429998,1.3470397652008117,-0.5294920972476074,-0.47957078304258416,-0.44759714185456223,-0.8274027386366944,3.0273831180888426,-1.5175108291934007
0.82489075429998,1.3470397652008117,-0.8338897987011552,-0.47957078304258416,-0.44759714185456223,-0.8244101284015073,-0.3303182851304563,0.6589738806223399
0.82489075429998,-0.7423685817106694,-0.6816909479743812,-0.47957078304258416,-0.44759714185456223,-0.8923044173605303,-0.3303182851304563,-1.5175108291934007
0.82489075429998,-0.7423685817106694,-0.3011938211574465,-0.47957078304258416,-0.44759714185456223,-0.8274027386366944,3.0273831180888426,-1.5175108291934007
0.82489075429998,-0.7423685817106694,-0.6816909479743812,-0.47957078304258416,-0.44759714185456223,-0.7920429012602808,-0.3303182851304563,0.6589738806223399
-0.3779791896444196,1.3470397652008117,0.07930330565948839,2.491497914268573,-0.44759714185456223,0.13967972447096214,-0.3303182851304563,0.6589738806223399
0.82489075429998,1.3470397652008117,-0.5294920972476074,-0.47957078304258416,-0.44759714185456223,-0.8274027386366944,3.0273831180888426,-1.5175108291934007
0.82489075429998,-0.7423685817106694,-0.3772932465208334,-0.47957078304258416,-0.44759714185456223,-0.8244101284015073,-0.3303182851304563,0.6589738806223399
0.82489075429998,-0.7423685817106694,-0.3011938211574465,-0.47957078304258416,-0.44759714185456223,1.1473347238204925,-0.3303182851304563,0.6589738806223399
0.82489075429998,-0.7423685817106694,0.8783472719750515,-0.47957078304258416,-0.44759714185456223,-0.18781403540166663,-0.3303182851304563,0.6589738806223399
0.82489075429998,1.3470397652008117,-0.9099892240645422,3.4818541467056257,1.8723741825104212,-0.8066315811583502,-0.3303182851304563,0.6589738806223399
0.82489075429998,-0.7423685817106694,1.5251923875638407,-0.47957078304258416,-0.44759714185456223,-3.102543068023807,-0.3303182851304563,0.6589738806223399
0.82489075429998,1.3470397652008117,-2.1275800298787337,0.5107854493944685,0.7123885203279295,-0.39745782878198627,-0.3303182851304563,0.6589738806223399
0.82489075429998,-0.7423685817106694,-0.3011938211574465,-0.47957078304258416,-0.44759714185456223,0.2800399707104489,3.0273831180888426,-1.5175108291934007
-1.5808491335888193,1.3470397652008117,-0.8338897987011552,1.5011416818315209,1.8723741825104212,2.7436349536774327,-0.3303182851304563,-1.5175108291934007
0.82489075429998,-0.7423685817106694,0.916396984656745,1.5011416818315209,-0.44759714185456223,-0.2544984470730858,-0.3303182851304563,0.6589738806223399
0.82489075429998,1.3470397652008117,-1.138287500154703,0.5107854493944685,-0.44759714185456223,-0.47518485255686604,-0.3303182851304563,-1.5175108291934007
0.82489075429998,1.3470397652008117,-0.5294920972476074,-0.47957078304258416,-0.44759714185456223,-0.7920429012602808,-0.3303182851304563,0.6589738806223399
-0.3779791896444196,1.3470397652008117,1.4490929622004538,-0.47957078304258416,1.8723741825104212,0.7060309150754881,-0.3303182851304563,0.6589738806223399
-1.5808491335888193,1.3470397652008117,-0.5294920972476074,-0.47957078304258416,1.8723741825104212,1.0112507521266114,-0.3303182851304563,-1.5175108291934007
0.82489075429998,-0.7423685817106694,-0.3011938211574465,-0.47957078304258416,-0.44759714185456223,-0.7920429012602808,-0.3303182851304563,0.6589738806223399
-0.3779791896444196,-0.7423685817106694,0.840297559293358,-0.47957078304258416,-0.44759714185456223,-0.33441161920377827,-0.3303182851304563,0.6589738806223399
-0.3779791896444196,-0.7423685817106694,-0.6055915226109944,1.5011416818315209,-0.44759714185456223,1.4190936901534685,-0.3303182851304563,0.6589738806223399
0.82489075429998,-0.7423685817106694,0.764198133929971,0.5107854493944685,5.352331169057896,0.5416746731592467,-0.3303182851304563,0.6589738806223399
0.82489075429998,-0.7423685817106694,-0.3011938211574465,-0.47957078304258416,-0.44759714185456223,-0.8274027386366944,3.0273831180888426,-1.5175108291934007
-0.3779791896444196,-0.7423685817106694,-0.8338897987011552,-0.47957078304258416,-0.44759714185456223,-0.4532831171175722,-0.3303182851304563,0.6589738806223399
-0.3779791896444196,-0.7423685817106694,0.38370100711303623,0.5107854493944685,-0.44759714185456223,0.35449046307310594,-0.3303182851304563,0.6589738806223399
-1.5808491335888193,-0.7423685817106694,0.38370100711303623,-0.47957078304258416,-0.44759714185456223,0.37564241894950545,-0.3303182851304563,0.6589738806223399
-0.3779791896444196,1.3470397652008117,-0.5294920972476074,-0.47957078304258416,-0.44759714185456223,0.13967972447096214,-0.3303182851304563,0.6589738806223399
-1.5808491335888193,-0.7423685817106694,0.840297559293358,-0.47957078304258416,-0.44759714185456223,0.5326991217482606,-0.3303182851304563,-1.5175108291934007
-1.5808491335888193,1.3470397652008117,0.4598004324764232,-0.47957078304258416,-0.44759714185456223,2.055258751608096,-0.3303182851304563,0.6589738806223399
0.82489075429998,1.3470397652008117,-0.14899497043067253,-0.47957078304258416,-0.44759714185456223,-0.8120280770665157,3.0273831180888426,-1.5175108291934007
0.82489075429998,-0.7423685817106694,-0.3011938211574465,-0.47957078304258416,-0.44759714185456223,-0.8100689324946657,-0.3303182851304563,0.6589738806223399
-0.3779791896444196,-0.7423685817106694,-0.7577903733377682,-0.47957078304258416,-0.44759714185456223,-0.33441161920377827,-0.3303182851304563,0.6589738806223399
0.82489075429998,-0.7423685817106694,-0.3011938211574465,-0.47957078304258416,-0.44759714185456223,-0.8298991138892756,3.0273831180888426,-1.5175108291934007
-0.3779791896444196,-0.7423685817106694,1.2968941114736798,-0.47957078304258416,-0.44759714185456223,0.35449046307310594,-0.3303182851304563,0.6589738806223399
-1.5808491335888193,1.3470397652008117,0.5358998578398102,-0.47957078304258416,1.8723741825104212,1.3832912665707087,-0.3303182851304563,0.6589738806223399
0.82489075429998,1.3470397652008117,-0.5294920972476074,0.5107854493944685,1.8723741825104212,0.2504316974880049,-0.3303182851304563,0.6589738806223399
-1.5808491335888193,-0.7423685817106694,-0.14899497043067253,-0.47957078304258416,-0.44759714185456223,0.5161805256186699,-0.3303182851304563,0.6589738806223399
0.82489075429998,-0.7423685817106694,-0.6816909479743812,-0.47957078304258416,-0.44759714185456223,-0.8149855185915706,-0.3303182851304563,0.6589738806223399
0.82489075429998,1.3470397652008117,-0.5294920972476074,-0.47957078304258416,1.8723741825104212,-0.8274027386366944,3.0273831180888426,-1.5175108291934007
0.82489075429998,1.3470397652008117,-0.8338897987011552,-0.47957078304258416,-0.44759714185456223,-0.8917689408700837,-0.3303182851304563,-1.5175108291934007
0.82489075429998,-0.7423685817106694,-1.5187846269716379,0.5107854493944685,0.7123885203279295,-0.13694786677064213,-0.3303182851304563,0.6589738806223399
-0.3779791896444196,-0.7423685817106694,-0.5294920972476074,-0.47957078304258416,-0.44759714185456223,-0.540742851836958,-0.3303182851304563,0.6589738806223399
-0.3779791896444196,1.3470397652008117,0.15540273102287536,-0.47957078304258416,-0.44759714185456223,0.13967972447096214,-0.3303182851304563,0.6589738806223399
-0.3779791896444196,-0.7423685817106694,-0.14899497043067253,-0.47957078304258416,-0.44759714185456223,-0.33441161920377827,-0.3303182851304563,0.6589738806223399
0.82489075429998,-0.7423685817106694,0.3076015817496493,-0.47957078304258416,-0.44759714185456223,-0.7233522977606277,-0.3303182851304563,-1.5175108291934007
-1.5808491335888193,-0.7423685817106694,0.916396984656745,0.5107854493944685,-0.44759714185456223,1.059207788547746,-0.3303182851304563,0.6589738806223399
-0.3779791896444196,-0.7423685817106694,0.15540273102287536,0.5107854493944685,0.7123885203279295,0.7130703587838535,-0.3303182851304563,-1.5175108291934007
-0.3779791896444196,1.3470397652008117,1.9056895143807755,0.5107854493944685,3.032359844692913,0.23094675620507135,-0.3303182851304563,0.6589738806223399
-1.5808491335888193,-0.7423685817106694,0.992496410020132,0.5107854493944685,-0.44759714185456223,1.0619325511935014,-0.3303182851304563,0.6589738806223399
0.82489075429998,-0.7423685817106694,-0.3011938211574465,0.5107854493944685,-0.44759714185456223,-0.23047652397096224,-0.3303182851304563,-1.5175108291934007
0.82489075429998,1.3470397652008117,-0.5294920972476074,-0.47957078304258416,-0.44759714185456223,-0.8516560544389479,-0.3303182851304563,0.6589738806223399
0.82489075429998,-0.7423685817106694,-0.3011938211574465,0.5107854493944685,-0.44759714185456223,-0.8274027386366944,3.0273831180888426,-1.5175108291934007
0.82489075429998,-0.7423685817106694,0.8783472719750515,-0.47957078304258416,-0.44759714185456223,-0.8274027386366944,3.0273831180888426,-1.5175108291934007
0.82489075429998,-0.7423685817106694,-0.4533926718842204,-0.47957078304258416,-0.44759714185456223,-0.9148624733560797,-0.3303182851304563,0.6589738806223399
-1.5808491335888193,-0.7423685817106694,1.9817889397441626,0.5107854493944685,-0.44759714185456223,1.1990220345084048,-0.3303182851304563,-1.5175108291934007
0.82489075429998,-0.7423685817106694,-0.3011938211574465,-0.47957078304258416,-0.44759714185456223,-0.7920429012602808,-0.3303182851304563,0.6589738806223399
-1.5808491335888193,1.3470397652008117,0.6119992832031972,0.5107854493944685,-0.44759714185456223,1.6289388596607592,3.0273831180888426,-1.5175108291934007
-1.5808491335888193,-0.7423685817106694,0.992496410020132,-0.47957078304258416,-0.44759714185456223,0.4192970363868142,-0.3303182851304563,-1.5175108291934007
-1.5808491335888193,-0.7423685817106694,0.992496410020132,-0.47957078304258416,-0.44759714185456223,0.37564241894950545,-0.3303182851304563,0.6589738806223399
0.82489075429998,-0.7423685817106694,0.07930330565948839,-0.47957078304258416,-0.44759714185456223,-0.8100689324946657,-0.3303182851304563,0.6589738806223399
0.82489075429998,-0.7423685817106694,-0.9099892240645422,-0.47957078304258416,-0.44759714185456223,-0.7233522977606277,-0.3303182851304563,0.6589738806223399
0.82489075429998,-0.7423685817106694,-1.6709834776984118,0.5107854493944685,0.7123885203279295,-0.1783579704035197,-0.3303182851304563,-1.5175108291934007
0.82489075429998,-0.7423685817106694,0.07930330565948839,-0.47957078304258416,-0.44759714185456223,-0.7920429012602808,-0.3303182851304563,0.6589738806223399
-0.3779791896444196,-0.7423685817106694,-0.2250943957940595,-0.47957078304258416,-0.44759714185456223,-0.33441161920377827,-0.3303182851304563,0.6589738806223399
0.82489075429998,-0.7423685817106694,0.8783472719750515,-0.47957078304258416,1.8723741825104212,-0.2276508171919241,-0.3303182851304563,0.6589738806223399
0.82489075429998,-0.7423685817106694,-0.3011938211574465,-0.47957078304258416,-0.44759714185456223,-0.8923044173605303,-0.3303182851304563,-1.5175108291934007
-1.5808491335888193,-0.7423685817106694,1.9817889397441626,-0.47957078304258416,-0.44759714185456223,0.5161805256186699,-0.3303182851304563,0.6589738806223399
0.82489075429998,1.3470397652008117,-1.0621880747913162,-0.47957078304258416,-0.44759714185456223,-0.8923044173605303,-0.3303182851304563,-1.5175108291934007
0.82489075429998,-0.7423685817106694,-0.3011938211574465,-0.47957078304258416,-0.44759714185456223,-0.7920429012602808,-0.3303182851304563,0.6589738806223399
0.82489075429998,-0.7423685817106694,-0.07289554506728556,-0.47957078304258416,-0.44759714185456223,0.20997890981607994,-0.3303182851304563,0.6589738806223399
0.82489075429998,-0.7423685817106694,-0.3011938211574465,-0.47957078304258416,-0.44759714185456223,-0.9978703350480775,-0.3303182851304563,-1.5175108291934007
-1.5808491335888193,1.3470397652008117,-0.3011938211574465,0.5107854493944685,1.8723741825104212,2.1708398539274696,-0.3303182851304563,0.6589738806223399
-1.5808491335888193,-0.7423685817106694,0.15540273102287536,-0.47957078304258416,-0.44759714185456223,1.0317327120958353,-0.3303182851304563,0.6589738806223399
-0.3779791896444196,-0.7423685817106694,1.6012918129272278,0.5107854493944685,-0.44759714185456223,0.35449046307310594,-0.3303182851304563,0.6589738806223399
-0.3779791896444196,-0.7423685817106694,0.5358998578398102,0.5107854493944685,1.8723741825104212,0.42036290463895254,-0.3303182851304563,0.6589738806223399
0.82489075429998,-0.7423685817106694,1.6012918129272278,0.5107854493944685,-0.44759714185456223,-0.2276508171919241,-0.3303182851304563,0.6589738806223399
0.82489075429998,1.3470397652008117,-0.7577903733377682,0.5107854493944685,-0.44759714185456223,-0.8149855185915706,-0.3303182851304563,0.6589738806223399
-1.5808491335888193,1.3470397652008117,-0.4533926718842204,0.5107854493944685,-0.44759714185456223,1.5357843995846516,-0.3303182851304563,0.6589738806223399
0.82489075429998,-0.7423685817106694,-0.6816909479743812,-0.47957078304258416,-0.44759714185456223,-0.6361639847469676,-0.3303182851304563,0.6589738806223399
0.82489075429998,-0.7423685817106694,-0.3011938211574465,-0.47957078304258416,-0.44759714185456223,-0.8100689324946657,-0.3303182851304563,-1.5175108291934007
-1.5808491335888193,1.3470397652008117,-0.14899497043067253,0.5107854493944685,0.7123885203279295,2.6827433342833267,-0.3303182851304563,-1.5175108291934007
0.82489075429998,-0.7423685817106694,-0.3011938211574465,-0.47957078304258416,-0.44759714185456223,-0.8294065695571002,3.0273831180888426,-1.5175108291934007
0.82489075429998,-0.7423685817106694,-0.3011938211574465,1.5011416818315209,-0.44759714185456223,0.17157259623116605,-0.3303182851304563,-1.5175108291934007
-0.3779791896444196,-0.7423685817106694,-0.2250943957940595,0.5107854493944685,0.7123885203279295,0.4650040747265683,-0.3303182851304563,0.6589738806223399
0.82489075429998,-0.7423685817106694,-0.3011938211574465,-0.47957078304258416,-0.44759714185456223,-0.8100689324946657,-0.3303182851304563,-1.5175108291934007
-1.5808491335888193,-0.7423685817106694,0.15540273102287536,-0.47957078304258416,-0.44759714185456223,0.44870744646912636,-0.3303182851304563,-1.5175108291934007
-0.3779791896444196,-0.7423685817106694,-0.9860886494279292,-0.47957078304258416,-0.44759714185456223,0.35449046307310594,-0.3303182851304563,0.6589738806223399
0.82489075429998,1.3470397652008117,-0.6055915226109944,-0.47957078304258416,-0.44759714185456223,-0.8274027386366944,3.0273831180888426,-1.5175108291934007
-1.5808491335888193,-0.7423685817106694,2.4383854919244845,0.5107854493944685,3.032359844692913,2.7436349536774327,-0.3303182851304563,-1.5175108291934007
0.82489075429998,-0.7423685817106694,-0.3772932465208334,-0.47957078304258416,-0.44759714185456223,-0.8891210790266412,3.0273831180888426,-1.5175108291934007
0.82489075429998,1.3470397652008117,-0.5294920972476074,-0.47957078304258416,-0.44759714185456223,-0.8274027386366944,-0.3303182851304563,0.6589738806223399
-0.3779791896444196,-0.7423685817106694,-2.152692840248651,0.5107854493944685,0.7123885203279295,-0.2276508171919241,-0.3303182851304563,0.6589738806223399
-1.5808491335888193,-0.7423685817106694,1.3729935368370667,-0.47957078304258416,-0.44759714185456223,0.6273173038598016,-0.3303182851304563,0.6589738806223399
0.82489075429998,-0.7423685817106694,1.6773912382906147,-0.47957078304258416,-0.44759714185456223,-0.8274027386366944,-0.3303182851304563,0.6589738806223399
-0.3779791896444196,-0.7423685817106694,-0.3011938211574465,-0.47957078304258416,-0.44759714185456223,-0.33441161920377827,-0.3303182851304563,0.6589738806223399
0.82489075429998,-0.7423685817106694,0.3076015817496493,-0.47957078304258416,-0.44759714185456223,-0.7242536884428805,-0.3303182851304563,0.6589738806223399
-0.3779791896444196,-0.7423685817106694,0.992496410020132,-0.47957078304258416,-0.44759714185456223,-0.33441161920377827,-0.3303182851304563,0.6589738806223399
0.82489075429998,-0.7423685817106694,-0.8338897987011552,-0.47957078304258416,-0.44759714185456223,-0.7920429012602808,-0.3303182851304563,0.6589738806223399
-0.3779791896444196,-0.7423685817106694,-2.1275800298787337,-0.47957078304258416,1.8723741825104212,0.7130703587838535,-0.3303182851304563,-1.5175108291934007
0.82489075429998,1.3470397652008117,-1.5187846269716379,2.491497914268573,1.8723741825104212,0.4258212474469918,-0.3303182851304563,0.6589738806223399
-0.3779791896444196,-0.7423685817106694,0.04125359297779489,-0.47957078304258416,-0.44759714185456223,-3.102543068023807,-0.3303182851304563,0.6589738806223399
-1.5808491335888193,1.3470397652008117,-0.9099892240645422,0.5107854493944685,-0.44759714185456223,1.8268799314085828,-0.3303182851304563,-1.5175108291934007
-0.3779791896444196,-0.7423685817106694,-0.8338897987011552,-0.47957078304258416,-0.44759714185456223,1.4190936901534685,-0.3303182851304563,0.6589738806223399
-1.5808491335888193,-0.7423685817106694,0.07930330565948839,-0.47957078304258416,-0.44759714185456223,0.9246936931737133,-0.3303182851304563,0.6589738806223399
-1.5808491335888193,-0.7423685817106694,0.992496410020132,-0.47957078304258416,-0.44759714185456223,0.35449046307310594,-0.3303182851304563,0.6589738806223399
-0.3779791896444196,-0.7423685817106694,0.38370100711303623,0.5107854493944685,-0.44759714185456223,0.35449046307310594,-0.3303182851304563,0.6589738806223399
-1.5808491335888193,-0.7423685817106694,1.5251923875638407,-0.47957078304258416,-0.44759714185456223,-3.102543068023807,-0.3303182851304563,0.6589738806223399
-1.5808491335888193,-0.7423685817106694,2.0578883651075497,-0.47957078304258416,-0.44759714185456223,0.670710770767363,-0.3303182851304563,-1.5175108291934007
-0.3779791896444196,1.3470397652008117,-1.6709834776984118,-0.47957078304258416,1.8723741825104212,0.3641578971839773,-0.3303182851304563,0.6589738806223399
0.82489075429998,-0.7423685817106694,-1.9753811791519598,3.4818541467056257,1.8723741825104212,0.545324467131099,-0.3303182851304563,0.6589738806223399
-1.5808491335888193,-0.7423685817106694,3.123280320194967,0.5107854493944685,0.7123885203279295,1.3832912665707087,-0.3303182851304563,0.6589738806223399
-0.3779791896444196,-0.7423685817106694,-0.7577903733377682,-0.47957078304258416,-0.44759714185456223,-0.540742851836958,-0.3303182851304563,0.6589738806223399
-0.3779791896444196,1.3470397652008117,-1.594884052335025,0.5107854493944685,0.7123885203279295,0.35449046307310594,-0.3303182851304563,0.6589738806223399
-1.5808491335888193,1.3470397652008117,0.764198133929971,-0.47957078304258416,-0.44759714185456223,1.8268799314085828,-0.3303182851304563,-1.5175108291934007
0.82489075429998,1.3470397652008117,-0.5294920972476074,-0.47957078304258416,-0.44759714185456223,-0.8244101284015073,-0.3303182851304563,0.6589738806223399
-0.3779791896444196,-0.7423685817106694,0.992496410020132,-0.47957078304258416,-0.44759714185456223,-0.33441161920377827,-0.3303182851304563,0.6589738806223399
0.82489075429998,-0.7423685817106694,-0.9099892240645422,-0.47957078304258416,-0.44759714185456223,-0.7233522977606277,-0.3303182851304563,0.6589738806223399
-0.3779791896444196,-0.7423685817106694,0.04125359297779489,-0.47957078304258416,-0.44759714185456223,-0.2717037039349416,-0.3303182851304563,-1.5175108291934007
0.82489075429998,-0.7423685817106694,-0.3011938211574465,-0.47957078304258416,-0.44759714185456223,-0.8917689408700837,-0.3303182851304563,-1.5175108291934007
-0.3779791896444196,-0.7423685817106694,0.5358998578398102,-0.47957078304258416,-0.44759714185456223,-0.34381893944451974,-0.3303182851304563,-1.5175108291934007
0.82489075429998,-0.7423685817106694,-0.7577903733377682,-0.47957078304258416,-0.44759714185456223,-0.8100689324946657,-0.3303182851304563,0.6589738806223399
0.82489075429998,1.3470397652008117,1.3729935368370667,0.5107854493944685,-0.44759714185456223,-0.9213977541605666,-0.3303182851304563,0.6589738806223399
0.82489075429998,-0.7423685817106694,-2.051480604515347,3.4818541467056257,0.7123885203279295,0.7846313901760885,-0.3303182851304563,0.6589738806223399
0.82489075429998,-0.7423685817106694,-0.9099892240645422,1.5011416818315209,-0.44759714185456223,-0.7920429012602808,-0.3303182851304563,0.6589738806223399
-0.3779791896444196,-0.7423685817106694,-0.7577903733377682,-0.47957078304258416,-0.44759714185456223,-0.540742851836958,-0.3303182851304563,0.6589738806223399
0.82489075429998,-0.7423685817106694,-0.5294920972476074,-0.47957078304258416,-0.44759714185456223,-0.7920429012602808,-0.3303182851304563,0.6589738806223399
